Fecha,Institucion,ICAP,Capital Neto reg. vig. dic 2012,Capital Neto Vigente,Operaciones Sujetas a Riesgo,RC Total,RC x riesgo de Credito,RC x riesgo de Mercado,RC x riesgo Operacional,RC x riesgo de Filiales del Exterior
31/01/20,A AFIRME,11.3,579.75,554.19,4903.25,392.26,88.67,6.21,5.11,0
31/01/20,ABANCREA,19.42,139.76,139.76,719.66,57.57,88.72,11.28,0,0
31/01/20,ABC CAPITAL,11.24,990.57,736.44,6551.28,524.1,84.83,3.27,11.9,0
31/01/20,ACCENDO BANCO,10.96,571.41,494.7,4515.37,361.23,74.6,17.89,7.51,0
31/01/20,ACTINVER,13.4,3426.42,3347.61,24986.66,1998.93,77.94,7.83,14.22,0
31/01/20,AFIRME,13.25,4789.08,6805.15,51375.48,4110.04,78.37,7.27,14.36,0
31/01/20,AMERICAN EXPRESS,23.57,6959.71,6156.94,26116.63,2089.33,61.11,0.38,38.5,0
31/01/20,ARBASE,13.43,72.95,65.59,488.41,39.07,92.4,5.72,1.89,0
31/01/20,ARR BANAMEX,292.02,717.45,717.29,245.63,19.65,58.7,10.03,31.27,0
31/01/20,ARR. Y FACT. BANORTE,17.58,5929.66,5889.59,33504.55,2680.36,88.88,6.24,4.89,0
31/01/20,ARRENDADORA BX+,10.46,778.18,561.69,5372.41,429.79,89.43,5.16,5.41,0
31/01/20,AUTOFIN,12.64,703.99,690.43,5460.53,436.84,86.88,6.24,6.88,0
31/01/20,AYF BANORTE,23.18,2502.28,2066.46,8913.16,713.05,88.64,7.33,4.04,0
31/01/20,AZTECA,15.9,21592.3,21532.13,135383.54,10830.68,77.47,9.73,12.8,0
31/01/20,BAJÍO,16.25,29495.52,29400.88,180967.01,14477.36,84.07,5.65,10.28,0
31/01/20,BANAMEX,14.69,118256.37,124131.53,845175.83,67614.07,72.23,18.44,9.33,0
31/01/20,BANCO KEB HANA,231.17,1576.64,1576.64,682.04,54.56,52.1,29.82,18.07,0
31/01/20,BANCO S3,136.92,1424.4,1326.17,968.6,77.49,23.86,0.72,75.42,0
31/01/20,BANCOPPEL,20.43,11634.19,11806.43,57783.47,4622.68,50.19,15.4,34.41,0
31/01/20,BANCREA,13.72,1477.85,2167.97,15801.29,1264.1,89.89,4.71,5.4,0
31/01/20,BANK OF AMERICA,18.25,10183.42,10183.42,55789.81,4463.18,43.83,46.51,9.66,0
31/01/20,BANK OF CHINA,66.91,742.86,720.84,1077.31,86.18,82.67,2.09,15.25,0
31/01/20,BANKAOOL,13.24,484.93,482.39,3644.56,291.56,90.19,4.2,5.6,0
31/01/20,BANORTE,19,112230.68,151551.71,797481.26,63798.5,77.99,13.83,8.17,0
31/01/20,BANREGIO,13.63,15285.7,15542.46,114072.74,9125.82,84.02,5.81,10.17,0
31/01/20,BANSI,17.34,2832.96,2882.06,16618.79,1329.5,82.66,4.15,13.19,0
31/01/20,BARCLAYS,18.65,6297.1,6297.1,33769.38,2701.55,86.87,7.66,5.48,0
31/01/20,BASE,14.16,2561.77,2561.77,18094.63,1447.57,75.28,6.04,18.68,0
31/01/20,BBVA BANCOMER,15.45,231249.81,259412.44,1679368.13,134349.45,65.88,28.33,5.79,0
31/01/20,BIAFIRME,14.43,779.52,1130,7831.1,626.49,6.87,90.49,2.65,0
31/01/20,CIBANCO,13.97,2923.88,2924.57,20938.56,1675.08,65.85,4.91,29.25,0
31/01/20,COMERCIOSA,38.2,35.03,31.42,82.25,6.58,12.88,0.82,86.3,0
31/01/20,COMPARTAMOS,34.8,11508.67,11191.28,32156.17,2572.49,82.58,12.28,5.15,0
31/01/20,CONSUBANCO,22.19,2758.21,2758.21,12431.28,994.5,68.36,8.2,23.45,0
31/01/20,CONSUPAGO,72.8,172.69,169.84,233.28,18.66,99.89,0.11,0,0
31/01/20,CREDIT SUISSE,14.92,1986.52,1787.78,11984.83,958.79,66.09,20.84,13.07,0
31/01/20,CREDITO FAMLIAR SCOT,19.96,1054.86,898.35,4501.29,360.1,85.49,10.29,4.22,0
31/01/20,DEUTSCHE BANK,165.18,1672.66,1672.66,1012.61,81.01,22.24,8.77,68.99,0
31/01/20,F AFIRME,16.54,105.48,92.52,559.34,44.75,97.43,0.75,1.83,0
31/01/20,FAMSA,10.7,3514.86,3964.47,37048.2,2963.86,92.56,2.18,5.26,0
31/01/20,FC FINANCIAL,16.43,4877.79,4420.12,26908.16,2152.65,82.91,9.85,7.24,0
31/01/20,FINANMADRID,13.64,148.4,139.1,1019.54,81.56,68.57,15.6,15.83,0
31/01/20,FINTERRA,15.96,509.33,417.84,2618.19,209.46,81.59,5.42,12.98,0
31/01/20,FORJADORES,30.16,400.77,341.97,1133.81,90.71,52.84,1.24,45.92,0
31/01/20,FUNDACIÓN DONDÉ,56.97,353.67,353.67,620.84,49.67,73.85,1.53,24.63,0
31/01/20,GRAMEEN CARSO,18,83.26,70.55,391.9,31.35,79.01,5.56,15.43,0
31/01/20,HSBC,13.87,57148.23,69269.3,499381.95,39950.56,83.13,11.03,5.84,0
31/01/20,ICBC,27.09,1004.46,1330.61,4912.64,393.01,90.79,2.15,7.06,0
31/01/20,INBURSA,18.25,74916.85,70744.52,387724.14,31017.93,61.3,32.62,6.07,0
31/01/20,INMOBILIARIO MEXICANO,12.95,1051.26,958.85,7406.23,592.5,87.48,2.73,9.79,0
31/01/20,INTERCAM,14.04,2373.56,2302.16,16393.98,1311.52,65.84,1.97,32.2,0
31/01/20,INTERCAM INC,99.73,19.11,19.11,19.16,1.53,99.97,0.03,0,0
31/01/20,INVEX,17.35,5832.36,5596.22,32264,2581.12,70.89,11.52,17.6,0
31/01/20,INVEX CONSUMO,11.11,656.75,493.99,4448.22,355.86,70.31,0.15,29.54,0
31/01/20,JP MORGAN,17.48,9806.17,11367.86,65037.11,5202.97,59.36,34.5,6.14,0
31/01/20,METROFINANCIERA,14.84,1594.5,1481.76,9987.35,798.99,76.72,15.53,7.75,0
31/01/20,MIFEL,13.51,8491.83,6863.62,50803.49,4064.28,81.88,11.19,6.94,0
31/01/20,MIFEL SOFOMER,25.14,442.34,393.84,1566.86,125.35,88.13,6.82,5.06,0
31/01/20,MIZUHO,91.11,2658.14,2638.82,2896.27,231.7,78.67,1.05,20.28,0
31/01/20,MONEX,15.81,7079.81,6541.19,41363.43,3309.07,73.95,8.69,17.36,0
31/01/20,MUFG,34.26,5657.69,5534.46,16156.09,1292.49,82.45,3.28,14.27,0
31/01/20,MULTIVA,14.75,6570.68,6210.46,42112.21,3368.98,81.42,6.62,11.95,0
31/01/20,OPCIPRES,761.4,209.05,209.05,27.46,2.2,98.31,1.69,0,0
31/01/20,PAGATODO,316.64,274.29,245.08,77.4,6.19,54.7,0.68,44.62,0
31/01/20,S CONSUMO,22.61,18551.52,18590.36,82225.29,6578.02,91.03,3.96,5,0
31/01/20,SABADELL,13.4,10234.97,9073.17,67700.37,5416.03,94.96,1.9,3.15,0
31/01/20,SABCAPITAL,15.32,4195.46,3923.8,25605.27,2048.42,90.15,0.95,8.9,0
31/01/20,SANTANDER,16.66,97971.9,126779.35,761185.9,60894.87,69.21,23.27,7.52,0
31/01/20,SANTANDER INCLUSIÓN FINANCIERA,28.8,171.87,171.87,596.77,47.74,72.46,6.25,21.29,0
31/01/20,SANTANDER VIVIENDA,11.89,8028.93,7872.48,66237.38,5298.99,72.68,23.96,3.37,0
31/01/20,SCOTIABANK,13.93,46706.33,55427.95,397957.2,31836.58,89.32,7,3.68,0
31/01/20,SHINHAN,63.04,1492.67,1450.21,2300.56,184.04,86.36,3.02,10.62,0
31/01/20,SOFOM AYUDAMOS,51.6,106.13,106.13,205.7,16.46,10.52,0.13,89.35,0
31/01/20,SOFOM BAJÍO,17.02,1943.58,1937.96,11388.14,911.05,88.05,4.23,7.72,0
31/01/20,SOFOM BANAMEX,13.41,15617.91,15617.91,116483.63,9318.69,95.34,0.23,4.43,0
31/01/20,SOFOM INBURSA,21.87,15367.37,12211.37,55843.2,4467.46,64.04,10.71,25.25,0
31/01/20,START BANREGIO,16.84,3234.12,3052.34,18121.8,1449.74,89.99,8.67,1.33,0
31/01/20,VE POR MÁS,12.96,4502.34,5033.5,38841.52,3107.32,77.27,14.78,7.95,0
31/01/20,VW BANK,21.23,1669.1,1669.1,7861.49,628.92,58.41,31.84,9.75,0
29/02/20,A AFIRME,11.31,585.82,564.68,4994.82,399.59,87.13,7.75,5.13,0
29/02/20,ABANCREA,17.16,141.03,141.03,821.92,65.75,81.74,9.74,8.52,0
29/02/20,ABC CAPITAL,11.17,988.4,732.9,6562.71,525.02,84.87,3.27,11.87,0
29/02/20,ACCENDO BANCO,10.56,539.02,454.21,4303.06,344.24,73.86,18.27,7.86,0
29/02/20,ACTINVER,13.56,3431.01,3346.92,24683.78,1974.7,78.78,6.64,14.58,0
29/02/20,AFIRME,13.19,4820.6,6819.89,51714.29,4137.14,78.42,7.24,14.34,0
29/02/20,AMERICAN EXPRESS,23.93,7115.44,6303.36,26335.52,2106.84,61.14,0.38,38.48,0
29/02/20,ARBASE,14.11,77.4,69.1,489.59,39.17,92.85,5.13,2.03,0
29/02/20,ARR BANAMEX,292.51,720.67,720.2,246.21,19.7,58.56,10.45,30.99,0
29/02/20,ARR. Y FACT. BANORTE,15.29,5283.38,5244.16,34301.6,2744.13,82.77,12.42,4.81,0
29/02/20,ARRENDADORA BX+,10.5,787.38,568.24,5413.99,433.12,89.42,5.09,5.49,0
29/02/20,AUTOFIN,12.21,713.81,698.72,5724.39,457.95,83.48,9.99,6.53,0
29/02/20,AYF BANORTE,23.72,2467.86,2041.9,8610.1,688.81,88.08,7.97,3.95,0
29/02/20,AZTECA,16.05,21661.81,21636.09,134806.4,10784.51,76.56,10.39,13.06,0
29/02/20,BAJÍO,16.44,29876.41,29741.47,180866.19,14469.3,84.07,5.54,10.39,0
29/02/20,BANAMEX,14.28,118452.24,124289.82,870582.39,69646.59,71.33,19.55,9.12,0
29/02/20,BANCO KEB HANA,231.54,1580.21,1579.94,682.37,54.59,53.42,27.25,19.33,0
29/02/20,BANCO S3,137.97,1434.65,1341.37,972.23,77.78,24.94,0.48,74.58,0
29/02/20,BANCOPPEL,20.93,11664.92,11837.8,56569,4525.52,52.26,12.32,35.42,0
29/02/20,BANCREA,13.88,1480.51,2185.04,15736.83,1258.95,89.88,4.6,5.52,0
29/02/20,BANK OF AMERICA,16.62,10114.49,10114.49,60850.46,4868.04,32.24,56.35,11.41,0
29/02/20,BANK OF CHINA,60.6,738.66,716.65,1182.68,94.61,84.22,1.99,13.8,0
29/02/20,BANKAOOL,12.73,477.17,474.67,3728.74,298.3,90.81,3.72,5.47,0
29/02/20,BANORTE,19.34,113549.81,154640.98,799769.9,63981.59,79.2,12.58,8.22,0
29/02/20,BANREGIO,13.56,15471.57,15733.33,116035.16,9282.81,83.58,6.32,10.09,0
29/02/20,BANSI,17.14,2846.02,2894.96,16891.14,1351.29,82.47,4.48,13.05,0
29/02/20,BARCLAYS,16.68,6343.98,6343.98,38029.19,3042.34,85.33,10.68,3.98,0
29/02/20,BASE,14.16,2598.04,2598.04,18341.53,1467.32,75.6,5.72,18.69,0
29/02/20,BBVA BANCOMER,15.65,235313.83,264290.25,1689161.4,135132.91,66.52,27.84,5.65,0
29/02/20,BIAFIRME,13.93,779.76,1130.23,8112.42,648.99,6.52,90.61,2.87,0
29/02/20,CIBANCO,14.26,2937.76,2938.44,20602.39,1648.19,65.29,4.86,29.86,0
29/02/20,COMERCIOSA,36.23,32.7,29.27,80.79,6.46,11.49,0.53,87.98,0
29/02/20,COMPARTAMOS,35.06,11682.08,11365.76,32419.41,2593.55,81.91,13,5.09,0
29/02/20,CONSUBANCO,23.02,2818.21,2818.21,12244.87,979.59,69.88,6.04,24.08,0
29/02/20,CONSUPAGO,71.56,170.7,166.55,232.73,18.62,99.94,0.06,0,0
29/02/20,CREDIT SUISSE,12.05,1972.17,1774.74,14723.23,1177.86,65.58,24.77,9.65,0
29/02/20,CREDITO FAMLIAR SCOT,20.46,1062.74,911.25,4454.84,356.39,85.77,9.96,4.27,0
29/02/20,DEUTSCHE BANK,162.28,1655.99,1655.99,1020.47,81.64,21.15,7.65,71.2,0
29/02/20,F AFIRME,18.74,106.8,93.75,500.41,40.03,97.23,0.97,1.81,0
29/02/20,FAMSA,10.51,3549.64,3953.1,37599.38,3007.95,92.5,2.26,5.24,0
29/02/20,FC FINANCIAL,15.91,4925.97,4441.9,27923.33,2233.87,81.3,11.5,7.21,0
29/02/20,FINANMADRID,12.9,151.35,141.38,1095.67,87.65,69.95,15.19,14.86,0
29/02/20,FINTERRA,15.67,502.39,411.14,2623.53,209.88,81.84,5.33,12.83,0
29/02/20,FORJADORES,29.93,400.3,340.66,1138.19,91.06,53.04,1.18,45.78,0
29/02/20,FUNDACIÓN DONDÉ,56,353.76,353.76,631.68,50.53,74.19,1.4,24.41,0
29/02/20,GRAMEEN CARSO,16.77,80.74,66.41,396.12,31.69,78.73,5.57,15.71,0
29/02/20,HSBC,14.13,57869.59,70205.62,496698.12,39735.85,83.57,10.21,6.21,0
29/02/20,ICBC,26.1,1009.49,1350.9,5175.54,414.04,90.96,2.19,6.85,0
29/02/20,INBURSA,19.28,76373.04,71232.6,369528.99,29562.32,63.65,29.94,6.41,0
29/02/20,INMOBILIARIO MEXICANO,12.66,1057.4,957.79,7564.21,605.14,86.97,3.38,9.65,0
29/02/20,INTERCAM,13.29,2404.46,2331.59,17539.11,1403.13,66.17,3.36,30.48,0
29/02/20,INTERCAM INC,92.86,18.69,18.69,20.13,1.61,99.99,0.02,0,0
29/02/20,INVEX,16.91,5859.98,5626.55,33273.65,2661.89,68.51,14.22,17.27,0
29/02/20,INVEX CONSUMO,11.68,694.22,534.73,4576.25,366.1,67.95,0.14,31.92,0
29/02/20,JP MORGAN,16.86,9847.81,11465.59,67995.45,5439.64,62.2,32.1,5.7,0
29/02/20,METROFINANCIERA,15.02,1605.92,1493.19,9938.97,795.12,76.77,15.41,7.83,0
29/02/20,MIFEL,13.46,8632.3,6943.15,51576.86,4126.15,80.92,12.11,6.97,0
29/02/20,MIFEL SOFOMER,24.29,443.76,394.4,1623.88,129.91,88.97,6.13,4.91,0
29/02/20,MIZUHO,90.79,2665.9,2646.59,2915.1,233.21,78.43,1.53,20.04,0
29/02/20,MONEX,15.89,7188.82,6651.37,41850.18,3348.01,75.17,8.25,16.58,0
29/02/20,MUFG,31.61,5706.15,5588.02,17677.81,1414.22,79.1,7.5,13.41,0
29/02/20,MULTIVA,14.86,6584.21,6236.73,41969.84,3357.59,80.94,7.03,12.04,0
29/02/20,OPCIPRES,746.72,210.16,210.16,28.15,2.25,98.35,1.65,0,0
29/02/20,PAGATODO,305.44,270,241.09,78.93,6.31,54.92,0.65,44.43,0
29/02/20,S CONSUMO,22.85,18957.82,18996.2,83128.83,6650.31,90.83,4.2,4.96,0
29/02/20,SABADELL,13,10244.99,9038.22,69532.07,5562.57,95.63,1.17,3.2,0
29/02/20,SABCAPITAL,15.01,4243.3,3963.23,26411.38,2112.91,90.66,0.78,8.56,0
29/02/20,SANTANDER,16.79,99225.78,129078.79,768592.39,61487.39,67.99,24.53,7.49,0
29/02/20,SANTANDER INCLUSIÓN FINANCIERA,25.83,159.77,159.77,618.59,49.49,72.1,6.04,21.86,0
29/02/20,SANTANDER VIVIENDA,11.98,7947.16,7775.87,64905.38,5192.43,74.11,22.33,3.56,0
29/02/20,SCOTIABANK,14.04,47225.34,56022.28,399035.25,31922.82,89.2,7.01,3.79,0
29/02/20,SHINHAN,60.97,1495.59,1453.13,2383.55,190.68,86.51,3.18,10.31,0
29/02/20,SOFOM AYUDAMOS,54.11,106.67,106.67,197.12,15.77,11.09,0.14,88.78,0
29/02/20,SOFOM BAJÍO,17.68,1973.8,1973.8,11163.19,893.06,87.71,4.34,7.95,0
29/02/20,SOFOM BANAMEX,13.7,15728.09,15728.09,114791.48,9183.32,95.25,0.23,4.52,0
29/02/20,SOFOM INBURSA,22,15451.34,12241.64,55637.79,4451.02,63.39,10.63,25.98,0
29/02/20,START BANREGIO,17.37,3302.53,3128.24,18008.94,1440.71,89.35,9.3,1.35,0
29/02/20,VE POR MÁS,13.09,4589.04,5054.13,38613.48,3089.08,77.54,14.38,8.08,0
29/02/20,VW BANK,21.56,1701.58,1701.58,7890.98,631.28,58.44,31.86,9.71,0
31/03/20,A AFIRME,12.05,618.62,600.24,4982.64,398.61,87.16,7.58,5.26,0
31/03/20,ABANCREA,16.47,142.77,142.77,866.91,69.35,80.87,11.18,7.96,0
31/03/20,ABC CAPITAL,10.97,978.84,720.7,6571.13,525.69,85.25,2.96,11.79,0
31/03/20,ACCENDO BANCO,17.94,1025.94,920.35,5130.33,410.43,74.88,18.31,6.81,0
31/03/20,ACTINVER,13.45,3551.63,3459.43,25719.56,2057.56,77.13,8.77,14.11,0
31/03/20,AFIRME,13.15,4886.21,7329.32,55737.84,4459.03,75.18,11.39,13.43,0
31/03/20,AMERICAN EXPRESS,24.97,7146.34,6331.05,25357.6,2028.61,59.35,0.36,40.3,0
31/03/20,ARBASE,14.97,78.65,70.24,469.23,37.54,93.16,4.67,2.18,0
31/03/20,ARR BANAMEX,324.25,724.27,724.11,223.32,17.87,65.18,0.81,34.01,0
31/03/20,ARR. Y FACT. BANORTE,14.23,5163.15,5134.5,36073.05,2885.84,84.68,10.69,4.63,0
31/03/20,ARRENDADORA BX+,10.5,790.98,571.19,5441.59,435.33,89.13,5.27,5.6,0
31/03/20,AUTOFIN,12.68,704.67,689.78,5440.2,435.22,86.77,6.33,6.9,0
31/03/20,AYF BANORTE,22.93,2374.44,1969.24,8587.3,686.98,88.6,7.52,3.88,0
31/03/20,AZTECA,18.27,25644.02,26469.03,144863.76,11589.1,75.03,12.63,12.34,0
31/03/20,BAJÍO,15.94,30144.66,30022.55,188400.95,15072.08,84.77,5.18,10.06,0
31/03/20,BANAMEX,13.53,119698.59,125953.17,930959.15,74476.73,73.76,17.53,8.71,0
31/03/20,BANCO KEB HANA,213.77,1582.38,1582.12,740.1,59.21,55.74,25.64,18.63,0
31/03/20,BANCO S3,123.04,1448.02,1360.76,1105.97,88.48,31.36,3.36,65.28,0
31/03/20,BANCOPPEL,26.77,11983.91,12192.44,45541.11,3643.29,64.22,17.34,18.43,0
31/03/20,BANCREA,15.35,1704.78,2421.01,15770.67,1261.65,89.8,4.59,5.61,0
31/03/20,BANK OF AMERICA,16.85,10468.75,10468.75,62121.48,4969.72,36.07,52.87,11.06,0
31/03/20,BANK OF CHINA,53.97,733.44,711.23,1317.79,105.42,85.55,2.27,12.18,0
31/03/20,BANKAOOL,15.25,597.09,582.49,3819.33,305.55,90.65,3.92,5.43,0
31/03/20,BANORTE,18.95,108187.64,156751.61,827030.04,66162.4,78.63,13.41,7.97,0
31/03/20,BANREGIO,13.26,15683.6,15957.96,120385.19,9630.81,83.35,6.83,9.82,0
31/03/20,BANSI,17.44,2877.29,2926.26,16775.3,1342.02,82.06,4.73,13.22,0
31/03/20,BARCLAYS,18.8,7819.08,7819.08,41588.93,3327.11,83.26,13.92,2.82,0
31/03/20,BASE,13.24,2642.83,2642.83,19960.03,1596.8,77.64,4.95,17.42,0
31/03/20,BBVA BANCOMER,15.09,224538.73,259897.78,1721839.57,137747.17,68.79,25.17,6.05,0
31/03/20,BIAFIRME,14.45,784.24,1135.07,7852.67,628.21,7.13,90.07,2.8,0
31/03/20,CIBANCO,14.77,3066.65,3067.34,20768.3,1661.46,65.83,4.5,29.66,0
31/03/20,COMERCIOSA,34.9,31.32,27.98,80.18,6.41,10.98,0.35,88.67,0
31/03/20,COMPARTAMOS,35.46,11690.47,11380.5,32092.25,2567.38,81.48,13.38,5.13,0
31/03/20,CONSUBANCO,21.93,2673.24,2673.24,12191.03,975.28,71.2,4.4,24.39,0
31/03/20,CONSUPAGO,96.79,167.34,162.56,167.96,13.44,99.92,0.08,0,0
31/03/20,CREDIT SUISSE,13.58,1972.51,1775.04,13070.77,1045.66,69.96,20.87,9.17,0
31/03/20,CREDITO FAMLIAR SCOT,20.7,1061.24,908.15,4387.95,351.04,85.81,9.85,4.34,0
31/03/20,DEUTSCHE BANK,188.17,1639.83,1639.83,871.45,69.72,25.21,9.45,65.34,0
31/03/20,F AFIRME,16.73,106.98,93.92,561.3,44.9,97.92,0.85,1.23,0
31/03/20,FAMSA,-6.02,-1765.11,-2153.03,35753.59,2860.29,92.01,2.43,5.56,0
31/03/20,FC FINANCIAL,15.67,4926.33,4399.86,28086.92,2246.95,82.46,10.27,7.28,0
31/03/20,FINANMADRID,12.41,155.09,144.64,1165.91,93.27,69.99,15.9,14.11,0
31/03/20,FINTERRA,16.15,494.5,405.09,2508.31,200.67,81.23,5.43,13.34,0
31/03/20,FORJADORES,29.71,397.43,337.52,1136.18,90.89,53.06,1.08,45.87,0
31/03/20,FUNDACIÓN DONDÉ,53.3,354.35,354.35,664.86,53.19,75.09,1.61,23.3,0
31/03/20,GRAMEEN CARSO,15.14,77.46,62.05,409.85,32.79,78.25,6.2,15.55,0
31/03/20,HSBC,13.23,56358.74,70742.75,534557.13,42764.57,83.34,10.49,6.17,0
31/03/20,ICBC,27.45,1019.76,1439.16,5242.87,419.43,90.08,2.92,6.99,0
31/03/20,INBURSA,18.45,77444.35,72250.46,391561.47,31324.92,64.4,28.93,6.68,0
31/03/20,INMOBILIARIO MEXICANO,12.7,1064.51,966.85,7615.56,609.24,86.92,3.41,9.68,0
31/03/20,INTERCAM,13.04,2478.28,2411.28,18493.52,1479.48,68.88,1.85,29.27,0
31/03/20,INTERCAM INC,105.17,23.35,23.35,22.2,1.78,99.96,0.04,0,0
31/03/20,INVEX,15.22,5796.9,5569.19,36587.49,2927,68.85,15.67,15.48,0
31/03/20,INVEX CONSUMO,12.32,722.75,566,4593.26,367.46,67.83,0.14,32.03,0
31/03/20,JP MORGAN,13.7,9887.94,11306.29,82504.4,6600.35,59.45,35.69,4.87,0
31/03/20,METROFINANCIERA,14.52,1608.61,1498.57,10320.11,825.61,77.79,14.64,7.57,0
31/03/20,MIFEL,13.42,8858.19,6917.95,51565.9,4125.27,80.97,11.93,7.1,0
31/03/20,MIFEL SOFOMER,22.7,445.91,393.25,1732.33,138.59,89.79,5.59,4.62,0
31/03/20,MIZUHO,59.26,2662.67,2642.73,4459.19,356.74,85.95,1.06,12.99,0
31/03/20,MONEX,15.48,7342.72,6813.49,44007.35,3520.59,76.21,7.21,16.58,0
31/03/20,MUFG,28.13,5802,5637.59,20040.8,1603.26,82.8,5.4,11.8,0
31/03/20,MULTIVA,15.38,6616.75,6271.28,40766.88,3261.35,80.57,7.02,12.42,0
31/03/20,OPCIPRES,688.27,210.21,210.21,30.54,2.44,98.52,1.48,0,0
31/03/20,PAGATODO,287.16,270.46,241.46,84.09,6.73,57.1,0.61,42.29,0
31/03/20,S CONSUMO,24.08,19523.62,19561.39,81221.7,6497.74,90.59,4.31,5.1,0
31/03/20,SABADELL,12.37,10667.45,9434.77,76243.23,6099.46,95.7,1.25,3.05,0
31/03/20,SABCAPITAL,13.43,4580.02,4255.95,31687.58,2535.01,92.08,0.82,7.1,0
31/03/20,SANTANDER,16.23,97579.18,132506.61,816199,65295.92,66.14,26.37,7.5,0
31/03/20,SANTANDER INCLUSIÓN FINANCIERA,22.54,141.9,141.9,629.53,50.36,70.54,6.85,22.61,0
31/03/20,SANTANDER VIVIENDA,12.23,8022.51,7868.06,64317.04,5145.36,74.41,21.91,3.68,0
31/03/20,SCOTIABANK,12.91,47193.87,54787.9,424489.53,33959.16,89.44,6.87,3.69,0
31/03/20,SHINHAN,50.21,1499.1,1460.55,2908.77,232.7,89.37,2.15,8.47,0
31/03/20,SOFOM AYUDAMOS,57.23,107.27,107.27,187.43,14.99,11.37,0.14,88.49,0
31/03/20,SOFOM BAJÍO,16.73,1978.73,1978.73,11829.45,946.36,88.47,3.93,7.6,0
31/03/20,SOFOM BANAMEX,10.87,11878.3,11878.3,109253.51,8740.28,95.01,0.22,4.78,0
31/03/20,SOFOM INBURSA,18.96,14263.85,10147.58,53513.03,4281.04,61.43,11.04,27.53,0
31/03/20,START BANREGIO,18.92,3361.03,3218.47,17007.37,1360.59,95.52,3.08,1.41,0
31/03/20,VE POR MÁS,12.21,4527.11,5006.86,41010.01,3280.8,78.23,14.02,7.75,0
31/03/20,VW BANK,21.86,1713.05,1713.05,7837.03,626.96,58.33,31.89,9.78,0
30/04/20,A AFIRME,12.42,624.35,606.55,4882.22,390.58,87.34,7.18,5.49,0
30/04/20,ABANCREA,15.47,143.9,143.9,929.9,74.39,81.63,10.61,7.76,0
30/04/20,ABC CAPITAL,10.69,960.59,697.25,6519.68,521.57,85.09,3.12,11.79,0
30/04/20,ACCENDO BANCO,16.16,942.6,844.58,5226.26,418.1,74.24,19.63,6.13,0
30/04/20,ACTINVER,13.33,3503.05,3398.21,25484.02,2038.72,80.2,5.44,14.36,0
30/04/20,AFIRME,12.74,4909.09,7363.64,57795.76,4623.66,72.59,14.75,12.66,0
30/04/20,AMERICAN EXPRESS,26.61,7232.26,6409.95,24084.16,1926.73,57.01,0.33,42.67,0
30/04/20,ARBASE,15.03,79,70.56,469.59,37.57,92.76,4.83,2.41,0
30/04/20,ARR BANAMEX,325.81,726.53,726.37,222.94,17.84,65.41,0.82,33.78,0
30/04/20,ARR. Y FACT. BANORTE,15.84,5305.93,5273.56,33288.8,2663.1,87.82,7.13,5.06,0
30/04/20,ARRENDADORA BX+,10.74,802.88,584.35,5442.07,435.37,88.69,5.6,5.71,0
30/04/20,AUTOFIN,11.8,646.5,632.66,5360.11,428.81,87.54,5.43,7.03,0
30/04/20,AYF BANORTE,23.24,2361.2,1955.92,8415.27,673.22,89.3,7.95,2.75,0
30/04/20,AZTECA,18.06,25600.78,26363.78,145958.98,11676.72,73.99,13.09,12.93,0
30/04/20,BAJÍO,15.78,30192.57,30239.96,191671.3,15333.7,84.18,5.88,9.94,0
30/04/20,BANAMEX,14.1,123257.92,131104.29,929944.63,74395.57,74.44,17.1,8.46,0
30/04/20,BANCO KEB HANA,197.65,1588.24,1587.98,803.42,64.27,58.61,23.42,17.97,0
30/04/20,BANCO S3,121.85,1455.62,1371.1,1125.23,90.02,30.78,5.13,64.1,0
30/04/20,BANCOPPEL,26.36,12196.79,12489.06,47377.06,3790.17,64.04,17.96,18,0
30/04/20,BANCREA,15.9,1714,2536.47,15949.4,1275.95,89.87,4.52,5.62,0
30/04/20,BANK OF AMERICA,16.99,10627.93,10627.93,62571.9,5005.75,36.88,49.68,13.44,0
30/04/20,BANK OF CHINA,52.41,722.42,700.22,1336.15,106.89,85.4,2.65,11.95,0
30/04/20,BANKAOOL,13.61,582.96,567.74,4171.05,333.68,91.49,3.39,5.12,0
30/04/20,BANORTE,19.48,118398.66,169754.43,871393.26,69711.46,79.12,13.24,7.64,0
30/04/20,BANREGIO,13.89,16592.51,16872.01,121509.3,9720.74,83.35,6.79,9.86,0
30/04/20,BANSI,17.7,2897.69,2947.44,16650.43,1332.03,81.78,4.83,13.39,0
30/04/20,BARCLAYS,16.4,7910.81,7910.81,48230.41,3858.43,69.3,24.02,6.68,0
30/04/20,BASE,13.41,2682.63,2682.63,20000.84,1600.07,76.3,5.64,18.06,0
30/04/20,BBVA BANCOMER,15.44,228893.35,267932.33,1735305.47,138824.44,68.39,24.8,6.81,0
30/04/20,BIAFIRME,13.52,821.36,1172,8671.75,693.74,6.58,91.06,2.37,0
30/04/20,CIBANCO,14.64,3082.51,3083.19,21056.48,1684.52,65.95,4.26,29.8,0
30/04/20,COMERCIOSA,33.51,29.96,26.71,79.72,6.38,10.57,0.27,89.17,0
30/04/20,COMPARTAMOS,33.46,11733.85,11398.93,34065.21,2725.22,82.62,12.49,4.89,0
30/04/20,CONSUBANCO,19.77,2474.94,2474.94,12520.84,1001.67,71.58,4.45,23.96,0
30/04/20,CONSUPAGO,104.96,166.12,160.07,152.51,12.2,99.91,0.09,0,0
30/04/20,CREDIT SUISSE,23.43,3850.75,3651.1,15581.49,1246.52,62.29,25.88,11.84,0
30/04/20,CREDITO FAMLIAR SCOT,20.34,1031.44,871.21,4282.33,342.59,86.55,8.99,4.46,0
30/04/20,DEUTSCHE BANK,182.44,1633.02,1633.02,895.12,71.61,25.55,10.81,63.64,0
30/04/20,F AFIRME,17.04,106.82,93.77,550.29,44.02,98.67,0.84,0.5,0
30/04/20,FC FINANCIAL,15.57,4823.33,4222.82,27126.59,2170.13,81.53,10.69,7.78,0
30/04/20,FINANMADRID,12.56,157.56,147.14,1171.3,93.7,69.67,16.14,14.19,0
30/04/20,FINTERRA,15.27,455.23,370.5,2425.69,194.06,80.14,6.26,13.6,0
30/04/20,FORJADORES,31.17,386.72,353.91,1135.46,90.84,50.32,3.8,45.88,0
30/04/20,FUNDACIÓN DONDÉ,52.5,353.74,353.74,673.84,53.91,75.41,1.45,23.14,0
30/04/20,GRAMEEN CARSO,14.14,73.6,56.54,399.84,31.99,76.46,7.12,16.43,0
30/04/20,HSBC,13.33,56904.59,71836.37,539043.83,43123.51,82.88,9.97,7.15,0
30/04/20,ICBC,27.31,1018.65,1450.71,5311.67,424.93,89.83,2.86,7.32,0
30/04/20,INBURSA,17.53,77312.26,73125.18,417243.51,33379.48,65.52,27.43,7.05,0
30/04/20,INMOBILIARIO MEXICANO,12.52,1066.96,973.08,7772.5,621.8,87.05,3.38,9.57,0
30/04/20,INTERCAM,12.59,2440.62,2371.6,18843.41,1507.47,69.15,1.46,29.38,0
30/04/20,INTERCAM INC,95.41,28.36,28.36,29.72,2.38,99.98,0.02,0,0
30/04/20,INVEX,14.28,5587.71,5369.07,37601.47,3008.12,65.72,18.71,15.56,0
30/04/20,INVEX CONSUMO,13.71,758.27,604.67,4411.93,352.95,65.29,0.11,34.61,0
30/04/20,JP MORGAN,23.87,10227.32,18972.69,79492.75,6359.42,61.27,33.65,5.09,0
30/04/20,METROFINANCIERA,14.53,1609.87,1499.82,10324.73,825.98,77.99,14.36,7.65,0
30/04/20,MIFEL,13.1,8802.82,6809.38,51977.35,4158.19,83.01,9.78,7.21,0
30/04/20,MIFEL SOFOMER,27.86,447.9,399.99,1435.76,114.86,87.69,6.69,5.62,0
30/04/20,MIZUHO,55.64,2661.64,2641.7,4747.95,379.84,86.66,1.25,12.09,0
30/04/20,MONEX,14.48,7398.22,6754.94,46656.64,3732.53,72.79,11.72,15.49,0
30/04/20,MUFG,27.69,5795.76,5636.44,20354.7,1628.38,86.99,4.36,8.65,0
30/04/20,MULTIVA,15.67,6633.39,6303.03,40225.53,3218.04,81.49,5.9,12.62,0
30/04/20,OPCIPRES,729.85,210.56,210.56,28.85,2.31,98.45,1.56,0,0
30/04/20,PAGATODO,287.15,268.87,239.91,83.55,6.68,56.37,0.62,43.02,0
30/04/20,S CONSUMO,25.53,19882.94,19921.21,78026.1,6242.09,90.76,3.92,5.31,0
30/04/20,SABADELL,12.15,10687.39,9448.14,77780.91,6222.47,95.24,1.64,3.12,0
30/04/20,SABCAPITAL,14.51,4637.27,4303.05,29655.65,2372.45,91.44,0.97,7.59,0
30/04/20,SANTANDER,15.84,97808.78,133819.13,844779.22,67582.34,64.02,28.83,7.15,0
30/04/20,SANTANDER INCLUSIÓN FINANCIERA,20.83,124,124,595.18,47.61,68.84,5.85,25.31,0
30/04/20,SANTANDER VIVIENDA,12.3,8043.12,7889.99,64141.78,5131.34,74.44,21.78,3.78,0
30/04/20,SCOTIABANK,13.1,48249.7,56215.15,428966.8,34317.34,89.22,6.89,3.89,0
30/04/20,SHINHAN,47.6,1499.84,1461.34,3070.05,245.6,89.26,2.66,8.08,0
30/04/20,SOFOM AYUDAMOS,60.23,107.81,107.81,178.98,14.32,12.04,0.15,87.82,0
30/04/20,SOFOM BAJÍO,17.58,2012,1991.3,11324.66,905.97,88.05,3.92,8.03,0
30/04/20,SOFOM BANAMEX,11.57,11831.25,11831.25,102261.98,8180.96,94.7,0.18,5.12,0
30/04/20,SOFOM INBURSA,16.11,13811.93,9420.91,58480.16,4678.41,63.25,11,25.75,0
30/04/20,START BANREGIO,13.74,2525.82,2300.28,16747.22,1339.78,95.19,3.41,1.41,0
30/04/20,VE POR MÁS,12.65,4345.38,5074.37,40119.34,3209.55,77.83,13.98,8.19,0
30/04/20,VW BANK,22.41,1730.81,1730.81,7724.11,617.93,58.43,31.41,10.16,0
31/05/20,A AFIRME,13,637.49,621,4778.76,382.3,87.43,6.83,5.73,0
31/05/20,ABANCREA,15.24,145.42,145.42,954.15,76.33,86.24,8.9,4.87,0
31/05/20,ABC CAPITAL,10.84,960.58,696.53,6427.18,514.17,84.64,3.5,11.86,0
31/05/20,ACCENDO BANCO,14.58,829.16,741.45,5083.75,406.7,76.85,17.5,5.66,0
31/05/20,ACTINVER,13.05,3422.43,3303.94,25319.99,2025.6,79.77,5.64,14.6,0
31/05/20,AFIRME,12.39,4930.62,7395.93,59695.14,4775.61,71.02,17.16,11.82,0
31/05/20,AMERICAN EXPRESS,27.37,7249.78,6426.72,23483.67,1878.69,55.8,0.3,43.91,0
31/05/20,ARBASE,14.42,75.76,67.61,468.71,37.5,92.42,4.93,2.66,0
31/05/20,ARR BANAMEX,327.55,728.6,728.44,222.39,17.79,65.72,0.82,33.47,0
31/05/20,ARR. Y FACT. BANORTE,17.23,5393.95,5359.31,31112.65,2489.01,89.8,4.75,5.45,0
31/05/20,ARRENDADORA BX+,11.19,818.94,603.65,5395.35,431.63,88.17,5.89,5.94,0
31/05/20,AUTOFIN,11.8,649.82,635.06,5380.18,430.41,87.58,5.36,7.06,0
31/05/20,AYF BANORTE,23.45,2755.52,1958.91,8355.17,668.41,90.13,8.36,1.51,0
31/05/20,AZTECA,15.66,24259.25,26275.63,167781.2,13422.5,65.23,23.2,11.57,0
31/05/20,BAJÍO,16.1,30389.56,30516.29,189516.15,15161.29,83.38,6.49,10.13,0
31/05/20,BANAMEX,14.69,122587.61,131640.48,896290.81,71703.26,73.78,17.76,8.46,0
31/05/20,BANCO KEB HANA,207.57,1591.01,1590.74,766.36,61.31,58.56,21.9,19.54,0
31/05/20,BANCO S3,132.01,1461.55,1375.16,1041.75,83.34,28.22,2.85,68.93,0
31/05/20,BANCOPPEL,23.94,12461.28,12700.54,53051.88,4244.15,55.83,27.87,16.3,0
31/05/20,BANCREA,15.8,1751.01,2574.47,16296.9,1303.75,89.61,4.81,5.59,0
31/05/20,BANK OF AMERICA,17.32,10589.32,10589.32,61129.87,4890.39,35.64,52.17,12.19,0
31/05/20,BANK OF CHINA,54.66,715.1,693.13,1268.13,101.45,84.66,2.91,12.43,0
31/05/20,BANKAOOL,12.83,574.38,559.17,4359.31,348.74,92.09,2.97,4.94,0
31/05/20,BANORTE,19.64,125292.89,171921.75,875328.45,70026.28,78.88,13.45,7.66,0
31/05/20,BANREGIO,14.63,16783.05,17066.45,116658.87,9332.71,86.55,3.09,10.36,0
31/05/20,BANSI,17.78,2918.52,2968.06,16692.69,1335.42,81.93,4.68,13.39,0
31/05/20,BARCLAYS,19.54,7955.18,7955.18,40706.7,3256.54,77.05,14.99,7.97,0
31/05/20,BASE,13.84,2736.77,2736.77,19780.39,1582.43,75.97,5.34,18.7,0
31/05/20,BBVA BANCOMER,15.69,223907.07,269290.41,1716609.3,137328.74,67.02,25.92,7.06,0
31/05/20,BIAFIRME,13.15,837.81,1188.63,9041.26,723.3,5.85,91.15,3,0
31/05/20,CIBANCO,14.57,3093.13,3093.81,21235.11,1698.81,66.36,3.94,29.69,0
31/05/20,COMERCIOSA,32.61,28.88,25.72,78.88,6.31,9.99,0.18,89.83,0
31/05/20,COMPARTAMOS,34.12,11699.29,11372.46,33335.35,2666.83,82.62,12.31,5.08,0
31/05/20,CONSUBANCO,18.44,2608.94,2616.68,14188.65,1135.09,68.92,9.75,21.33,0
31/05/20,CONSUPAGO,104.59,165.31,159.38,152.39,12.19,99.92,0.09,0,0
31/05/20,CREDIT SUISSE,26.22,3968.99,3769.34,14375.83,1150.07,60.95,24.41,14.64,0
31/05/20,CREDITO FAMLIAR SCOT,19.35,979.3,794.75,4108.02,328.64,86.82,8.53,4.65,0
31/05/20,DEUTSCHE BANK,173.73,1631.89,1631.89,939.34,75.15,22.65,10.77,66.59,0
31/05/20,F AFIRME,16.9,106.43,93.41,552.81,44.22,99.02,0.85,0.13,0
31/05/20,FC FINANCIAL,15.53,4740.25,4075.22,26241.06,2099.28,80.92,10.86,8.22,0
31/05/20,FINANMADRID,12.81,160.45,150.22,1173.06,93.85,68.92,16.8,14.28,0
31/05/20,FINTERRA,14.68,438.27,354.91,2417.3,193.38,79.92,6.59,13.49,0
31/05/20,FORJADORES,51.14,383.87,351.3,686.9,54.95,86.89,6.5,6.61,0
31/05/20,FUNDACIÓN DONDÉ,63.63,353.84,353.84,556.13,44.49,70.1,1.68,28.22,0
31/05/20,GRAMEEN CARSO,14.1,73.61,56.13,397.96,31.84,76.34,6.66,17,0
31/05/20,HSBC,13.88,58121.17,71989.77,518580.68,41486.45,84,8.25,7.75,0
31/05/20,ICBC,28.18,1016.37,1409.69,5002.58,400.21,89.6,2.45,7.95,0
31/05/20,INBURSA,18.3,77903.45,73757.69,403093.45,32247.48,65.91,26.81,7.28,0
31/05/20,INMOBILIARIO MEXICANO,12.58,1070.78,972.79,7731.56,618.52,86.84,3.42,9.74,0
31/05/20,INTERCAM,13.09,2513.31,2438.77,18633.91,1490.71,68.05,1.72,30.24,0
31/05/20,INTERCAM INC,109.51,16.53,16.53,15.1,1.21,99.94,0.06,0,0
31/05/20,INVEX,14.34,5554.84,5343.86,37263.05,2981.04,65.45,18.05,16.5,0
31/05/20,INVEX CONSUMO,14.88,793.4,643.41,4323.71,345.9,63.48,0.09,36.44,0
31/05/20,JP MORGAN,25.75,10279.44,19086.86,74126.64,5930.13,59.88,35.19,4.94,0
31/05/20,METROFINANCIERA,14.63,1616.65,1506.61,10294.57,823.57,78.03,14.21,7.76,0
31/05/20,MIFEL,12.93,7982.01,6822.95,52764.56,4221.17,82.36,10.55,7.09,0
31/05/20,MIFEL SOFOMER,32.57,448.65,403.37,1238.29,99.06,86.38,7.07,6.55,0
31/05/20,MIZUHO,57.2,2660.2,2640.26,4615.44,369.24,86.26,1.18,12.56,0
31/05/20,MONEX,14.95,7531.47,6980.45,46698.3,3735.86,72.84,11.4,15.76,0
31/05/20,MUFG,26.54,5799.9,5631.61,21222.42,1697.79,79.5,3.87,16.63,0
31/05/20,MULTIVA,15.86,6637.16,6311.15,39790.08,3183.21,81.9,5.41,12.69,0
31/05/20,OPCIPRES,822.11,211.33,211.33,25.71,2.06,98.25,1.76,0,0
31/05/20,PAGATODO,294.03,265.81,237.08,80.63,6.45,54.35,0.64,45.01,0
31/05/20,S CONSUMO,26.48,20405.44,20443.86,77200.61,6176.05,90.64,3.99,5.37,0
31/05/20,SABADELL,12.6,10669.08,9439.25,74924.73,5993.98,95.88,0.76,3.37,0
31/05/20,SABCAPITAL,15.29,4549.05,4299.38,28127.35,2250.19,91.47,0.56,7.97,0
31/05/20,SANTANDER,16.5,102775.1,136504.38,827490.44,66199.24,65.47,27.13,7.4,0
31/05/20,SANTANDER INCLUSIÓN FINANCIERA,18.37,114.21,114.21,621.76,49.74,68.57,6.08,25.35,0
31/05/20,SANTANDER VIVIENDA,12.4,8085.61,7932.69,63967.07,5117.37,74.77,21.37,3.87,0
31/05/20,SCOTIABANK,13.41,48483.61,56824.19,423861.03,33908.88,89.03,7.24,3.72,0
31/05/20,SHINHAN,50.13,1498.98,1460.92,2914.15,233.13,87.8,3.64,8.56,0
31/05/20,SOFOM AYUDAMOS,63.57,108.28,108.28,170.33,13.63,12.67,0.16,87.17,0
31/05/20,SOFOM BAJÍO,18.1,2027.17,1977.73,10928.62,874.29,87.34,4.31,8.36,0
31/05/20,SOFOM BANAMEX,12.2,12137.51,12137.51,99525.84,7962.07,94.46,0.25,5.29,0
31/05/20,SOFOM INBURSA,15.66,13614.41,9052.41,57818.62,4625.49,61.98,11.45,26.57,0
31/05/20,START BANREGIO,14.52,2575.17,2350.55,16182.81,1294.62,94.93,3.61,1.46,0
31/05/20,VE POR MÁS,12.82,4258.52,5114.86,39884.02,3190.72,77.65,14.11,8.24,0
31/05/20,VW BANK,23.05,1741.57,1741.57,7554.06,604.32,58.62,30.93,10.46,0
30/06/20,A AFIRME,13.27,632.98,616.86,4647.07,371.77,87.42,6.55,6.03,0
30/06/20,ABANCREA,15.51,145.97,145.97,941.38,75.31,85.54,9.3,5.16,0
30/06/20,ABC CAPITAL,10.57,945.13,677.01,6402.58,512.21,84.4,3.81,11.79,0
30/06/20,ACCENDO BANCO,13.71,845.12,755.97,5514.1,441.13,64.8,30.06,5.14,0
30/06/20,ACTINVER,13.43,3507.35,3397.06,25301.5,2024.12,80.14,5.13,14.74,0
30/06/20,AFIRME,13.13,4922.51,7383.77,56238.47,4499.08,75.52,11.82,12.67,0
30/06/20,AMERICAN EXPRESS,29.19,7507.76,6666.87,22839.65,1827.17,54.47,0.28,45.25,0
30/06/20,ARBASE,14.36,76.63,68.15,474.59,37.97,91.65,5.7,2.65,0
30/06/20,ARR BANAMEX,329.57,730.44,730.28,221.59,17.73,66.1,0.82,33.08,0
30/06/20,ARR. Y FACT. BANORTE,16.7,5407.89,5381.29,32226.92,2578.15,88.26,6.44,5.3,0
30/06/20,ARRENDADORA BX+,11.3,829.03,614.11,5434.92,434.79,88.81,5.15,6.03,0
30/06/20,AUTOFIN,11.55,629.64,614.28,5318.22,425.46,88.05,4.86,7.09,0
30/06/20,AYF BANORTE,31.99,2807.93,2016.56,6302.94,504.24,96.29,1.35,2.36,0
30/06/20,AZTECA,15.32,24074.67,26247.43,171326.18,13706.09,64,24.56,11.45,0
30/06/20,BAJÍO,15.73,30589.31,30768.83,195632.96,15650.64,83.36,6.78,9.87,0
30/06/20,BANAMEX,14.76,124724.9,133120.33,902056.76,72164.54,72.25,19.26,8.49,0
30/06/20,BANCO KEB HANA,119.84,1587.23,1586.97,1324.22,105.94,79.76,8.6,11.65,0
30/06/20,BANCO S3,136.33,1470.57,1392.15,1021.18,81.69,28.91,1.69,69.4,0
30/06/20,BANCOPPEL,27.25,12452.57,12801.79,46979.48,3758.36,59.48,21.94,18.58,0
30/06/20,BANCREA,15.87,1755.71,2576.95,16232.73,1298.62,89.97,4.31,5.72,0
30/06/20,BANK OF AMERICA,17.14,10779.56,10779.56,62894.97,5031.6,34.35,54.13,11.52,0
30/06/20,BANK OF CHINA,52.92,711.42,689.36,1302.69,104.21,85.25,2.79,11.96,0
30/06/20,BANKAOOL,12.6,626.27,611.06,4850.85,388.07,93.35,2.17,4.48,0
30/06/20,BANORTE,19.66,124690.56,175455.44,892361.38,71388.91,78.21,14.2,7.6,0
30/06/20,BANREGIO,14.7,16853.83,17145.41,116627.92,9330.23,86.38,3.21,10.41,0
30/06/20,BANSI,18.06,2939.27,2989.26,16547.57,1323.81,82.42,4.49,13.09,0
30/06/20,BARCLAYS,19.1,7926.57,7926.57,41509.48,3320.76,78.3,13.53,8.17,0
30/06/20,BASE,14.08,2787.33,2787.33,19802.25,1584.18,75.45,5.58,18.97,0
30/06/20,BBVA BANCOMER,16.01,227222.6,273817.88,1710042.09,136803.37,67.09,25.98,6.94,0
30/06/20,BIAFIRME,13.46,854.31,1205.36,8957.85,716.63,5.88,91.28,2.84,0
30/06/20,CIBANCO,14.48,3120.81,3121.5,21564.36,1725.15,65.35,5.28,29.37,0
30/06/20,COMERCIOSA,31.87,27.96,24.87,78.03,6.24,9.56,0.13,90.31,0
30/06/20,COMPARTAMOS,35.83,11227.78,10933.38,30515.45,2441.24,75.62,18.78,5.6,0
30/06/20,CONSUBANCO,19.13,2730.2,2738.43,14313.05,1145.04,69.54,9.15,21.31,0
30/06/20,CONSUPAGO,101.2,165.64,159.92,158.03,12.64,99.9,0.1,0,0
30/06/20,CREDIT SUISSE,28.25,3890.02,3690.37,13063.35,1045.07,65.74,22.68,11.58,0
30/06/20,CREDITO FAMLIAR SCOT,18.77,951.17,753.5,4014.99,321.2,87.32,7.92,4.77,0
30/06/20,DEUTSCHE BANK,182.64,1622.26,1622.26,888.23,71.06,24.44,7.05,68.52,0
30/06/20,F AFIRME,20.71,108.27,95.23,459.8,36.78,98.73,1.27,0,0
30/06/20,FC FINANCIAL,15.46,4659.57,3921.44,25370.25,2029.62,80.67,10.64,8.69,0
30/06/20,FINANMADRID,12.65,161.99,151.59,1198.49,95.88,69.04,17.05,13.92,0
30/06/20,FINTERRA,14.67,410.82,331.36,2258.6,180.69,78.99,6.8,14.22,0
30/06/20,FORJADORES,50.14,376.31,344.23,686.59,54.93,86.27,7.02,6.71,0
30/06/20,FUNDACIÓN DONDÉ,62.33,353.88,353.88,567.75,45.42,70.48,1.74,27.78,0
30/06/20,GRAMEEN CARSO,14.68,74.69,57.56,392.04,31.36,74.83,7.36,17.81,0
30/06/20,HSBC,13.79,58288.63,72687.27,526919.75,42153.58,82.15,10.64,7.21,0
30/06/20,ICBC,26.49,915.97,1321.52,4989.56,399.16,88.45,3.57,7.98,0
30/06/20,INBURSA,17.83,75573.27,71218.36,399320.78,31945.66,65.21,27.6,7.18,0
30/06/20,INMOBILIARIO MEXICANO,12.74,1077.02,985.44,7735.57,618.85,86.97,3.27,9.76,0
30/06/20,INTERCAM,13.11,2556.53,2475.88,18881,1510.48,68.05,1.82,30.13,0
30/06/20,INTERCAM INC,95.81,15.09,15.09,15.75,1.26,99.94,0.06,0,0
30/06/20,INVEX,15.84,5527.47,5375.78,33930.09,2714.41,69.98,12.73,17.28,0
30/06/20,INVEX CONSUMO,15.84,826.57,679.51,4289.42,343.15,62.41,0.07,37.52,0
30/06/20,JP MORGAN,24.6,10395.98,19180.07,77967.24,6237.38,60.23,35.13,4.64,0
30/06/20,METROFINANCIERA,15.02,1632.22,1522.17,10135.05,810.8,77.82,14.25,7.93,0
30/06/20,MIFEL,13.95,8428.13,7262,52067.82,4165.43,82.37,10.43,7.21,0
30/06/20,MIFEL SOFOMER,36.65,459.2,412.87,1126.47,90.12,85.49,7.36,7.15,0
30/06/20,MIZUHO,55.24,2679.25,2659.44,4814.61,385.17,86.37,1.49,12.14,0
30/06/20,MONEX,14.86,7599.09,6949.52,46767.64,3741.41,71.21,11.96,16.83,0
30/06/20,MUFG,24.53,5824.21,5635.47,22969.28,1837.54,83.38,2.32,14.31,0
30/06/20,MULTIVA,16.08,6632.63,6327.06,39337.45,3147,82.2,4.95,12.85,0
30/06/20,OPCIPRES,827.88,212.97,212.97,25.73,2.06,98.23,1.77,0,0
30/06/20,PAGATODO,280.55,264.31,235.68,84.01,6.72,56.1,0.6,43.3,0
30/06/20,S CONSUMO,26.4,20429.59,20467.34,77536.66,6202.93,90.52,4.14,5.35,0
30/06/20,SABADELL,12.79,10749.03,9523.66,74446.92,5955.75,95.38,1.12,3.51,0
30/06/20,SABCAPITAL,15.62,4594.47,4339.77,27789.45,2223.16,90.53,1.44,8.03,0
30/06/20,SANTANDER,16.69,103356.19,138958.04,832633.17,66610.65,65.59,26.91,7.5,0
30/06/20,SANTANDER INCLUSIÓN FINANCIERA,15.3,91.76,91.76,599.72,47.98,65.83,6.69,27.48,0
30/06/20,SANTANDER VIVIENDA,12.31,7886.46,7731.91,62825.3,5026.02,75.03,20.98,3.99,0
30/06/20,SCOTIABANK,13.44,48852.17,56619.68,421352.31,33708.18,88.78,7.49,3.73,0
30/06/20,SHINHAN,47.94,1498.35,1460.54,3046.9,243.75,88.15,3.62,8.23,0
30/06/20,SOFOM AYUDAMOS,77.38,108.78,108.78,140.57,11.25,0.39,0.19,99.42,0
30/06/20,SOFOM BAJÍO,19.77,2040.77,1992.24,10077.19,806.17,86.12,4.73,9.14,0
30/06/20,SOFOM BANAMEX,12.19,12011.31,12011.31,98496.4,7879.71,94.38,0.25,5.37,0
30/06/20,SOFOM INBURSA,15.46,13978.02,9617.74,62214.55,4977.16,60.49,14.28,25.23,0
30/06/20,START BANREGIO,14.8,2619.56,2398.63,16206.16,1296.49,95.13,3.36,1.51,0
30/06/20,VE POR MÁS,12.63,4143.08,5064.4,40090.17,3207.21,76.38,15.42,8.2,0
30/06/20,VW BANK,23.37,1744.28,1744.28,7462.78,597.02,58.71,30.62,10.67,0
31/07/20,A AFIRME,12.68,637.86,622.22,4906.73,392.54,81.5,12.68,5.82,0
31/07/20,ABANCREA,14.47,147.23,147.23,1017.47,81.4,85.9,9.32,4.78,0
31/07/20,ABC CAPITAL,11.38,909.19,718.5,6315.63,505.25,84.63,3.65,11.72,0
31/07/20,ACCENDO BANCO,13.34,836.79,748.4,5610.78,448.86,63.83,32.06,4.11,0
31/07/20,ACTINVER,12.51,3488.83,3369.69,26934.76,2154.78,81.47,4.6,13.93,0
31/07/20,AFIRME,13.06,4930.95,7396.42,56638.39,4531.07,75.45,11.77,12.78,0
31/07/20,AMERICAN EXPRESS,30.53,7803.54,6942.13,22742.38,1819.39,53.91,0.28,45.81,0
31/07/20,ARBASE,16.54,95.79,85.82,518.92,41.51,88.56,8.95,2.5,0
31/07/20,ARR BANAMEX,331.87,732.23,732.15,220.61,17.65,66.53,0.83,32.64,0
31/07/20,ARRENDADORA BX+,11.41,836.83,624.5,5472.62,437.81,88.34,5.52,6.14,0
31/07/20,AUTOFIN,12.3,657.11,639.93,5202.65,416.21,87.96,4.79,7.25,0
31/07/20,AYF BANORTE,20.35,7909.06,7263.02,35687.11,2854.97,93.63,5.44,0.93,0
31/07/20,AZTECA,15.74,23648.5,25986.79,165066.92,13205.35,62.7,25.65,11.65,0
31/07/20,BAJÍO,16.03,30794.27,30945.13,193042.69,15443.42,83.3,6.65,10.05,0
31/07/20,BANAMEX,15.17,125153.76,133446.82,879506.51,70360.52,73.46,17.31,9.23,0
31/07/20,BANCO KEB HANA,124.38,1589.67,1589.4,1277.83,102.23,79.79,7.82,12.39,0
31/07/20,BANCO S3,139.42,1481.15,1407.4,1009.48,80.76,28.54,1.68,69.79,0
31/07/20,BANCOPPEL,27.68,12608.84,12917.18,46664.93,3733.19,61.29,19.53,19.18,0
31/07/20,BANCREA,15.94,1793.61,2613.27,16391.34,1311.31,89.82,4.41,5.77,0
31/07/20,BANK OF AMERICA,18.81,10820.2,10820.2,57520.61,4601.65,37.05,56.69,6.26,0
31/07/20,BANK OF CHINA,54.59,703.4,681.22,1247.96,99.84,83.96,3.5,12.54,0
31/07/20,BANKAOOL,11.89,618.21,603,5071.16,405.69,93.02,2.64,4.34,0
31/07/20,BANORTE,20.52,127550.55,187460.7,913693.91,73095.51,76.99,15.54,7.47,0
31/07/20,BANREGIO,14.82,16990.81,17299.8,116732.02,9338.56,86.43,3.11,10.46,0
31/07/20,BANSI,18.1,2967.64,3017.74,16675.22,1334.02,82.39,4.61,13,0
31/07/20,BARCLAYS,23.04,7935.71,7935.71,34445.09,2755.61,85.63,8.45,5.91,0
31/07/20,BASE,14.3,2721.86,2748.34,19220.64,1537.65,75.77,4.63,19.6,0
31/07/20,BBVA BANCOMER,16.23,231458.93,276863.21,1705670.06,136453.61,67.01,26.45,6.54,0
31/07/20,BIAFIRME,13.49,864.62,1213.62,8995.76,719.66,5.32,91.43,3.25,0
31/07/20,CIBANCO,14.59,3111.29,3111.97,21322.85,1705.83,64.68,5.58,29.74,0
31/07/20,COMERCIOSA,29.8,26.14,22.93,76.94,6.16,9.02,0.08,90.91,0
31/07/20,COMPARTAMOS,36.93,11030.14,10724.31,29036.5,2322.92,73.96,20.06,5.98,0
31/07/20,CONSUBANCO,19.34,2805.37,2816.02,14557.38,1164.59,70.06,8.84,21.11,0
31/07/20,CONSUPAGO,110.31,174.09,170.95,154.97,12.4,99.88,0.12,0,0
31/07/20,CREDIT SUISSE,28.8,3873.23,3666.45,12731.37,1018.51,68.85,20.48,10.67,0
31/07/20,CREDITO FAMLIAR SCOT,17.66,918.2,694.82,3933.79,314.7,87.54,7.59,4.87,0
31/07/20,DEUTSCHE BANK,175.34,1613.08,1613.08,919.99,73.6,23.26,9.11,67.63,0
31/07/20,F AFIRME,20.52,108.74,95.66,466.14,37.29,98.75,1.25,0,0
31/07/20,FC FINANCIAL,16.2,4637.49,3853.54,23783.51,1902.68,79.81,10.67,9.52,0
31/07/20,FINANMADRID,12.47,165.51,154.88,1242.23,99.38,68.71,17.8,13.49,0
31/07/20,FINTERRA,15.87,401.41,323.62,2039.16,163.13,77.76,6.7,15.54,0
31/07/20,FORJADORES,52.17,362.36,346.22,663.62,53.09,91.36,1.61,7.03,0
31/07/20,FUNDACIÓN DONDÉ,75.69,355.03,355.03,469.08,37.53,63.96,2.37,33.68,0
31/07/20,GRAMEEN CARSO,15.97,76.65,60.38,378,30.24,76.51,4.55,18.94,0
31/07/20,HSBC,14.26,58703.48,72801.22,510535.99,40842.88,82.52,9.75,7.73,0
31/07/20,ICBC,26.51,915.46,1303.83,4918.39,393.47,88.47,3.26,8.27,0
31/07/20,INBURSA,17.82,75001.43,70669.2,396649.36,31731.95,64,28.95,7.05,0
31/07/20,INMOBILIARIO MEXICANO,12.4,1060.84,969.38,7815.88,625.27,87.05,3.2,9.75,0
31/07/20,INTERCAM,13.84,2622.96,2546.26,18393.65,1471.49,67.56,1.22,31.22,0
31/07/20,INTERCAM INC,49.42,10.75,10.75,21.75,1.74,97.41,2.59,0,0
31/07/20,INVEX,15.16,5536.92,5400.92,35621.35,2849.71,67.76,14.25,17.99,0
31/07/20,INVEX CONSUMO,16.7,861.18,717.78,4299.32,343.95,61.94,0.08,37.99,0
31/07/20,JP MORGAN,23.96,10512.53,19328.62,80655.71,6452.46,59.37,36.25,4.38,0
31/07/20,METROFINANCIERA,15.16,1638.22,1528.18,10078.43,806.27,77.47,14.56,7.97,0
31/07/20,MIFEL,13.75,8419.66,7267.89,52863.07,4229.05,81.86,10.96,7.18,0
31/07/20,MIFEL SOFOMER,36.98,461.45,414.6,1121.28,89.7,85.52,6.89,7.58,0
31/07/20,MIZUHO,49.96,2667.92,2648.11,5300.01,424,87.38,1.3,11.32,0
31/07/20,MONEX,14.73,7732.93,7024.18,47680.65,3814.45,70.07,12.7,17.23,0
31/07/20,MUFG,26.4,5862.38,5694.79,21571.66,1725.73,80.23,3.77,16,0
31/07/20,MULTIVA,15.81,6649.06,6341,40098.02,3207.84,81.22,6.23,12.55,0
31/07/20,OPCIPRES,1003.04,218.36,218.36,21.77,1.74,97.94,2.06,0,0
31/07/20,PAGATODO,277.44,260.91,232.37,83.76,6.7,55.48,0.59,43.93,0
31/07/20,S CONSUMO,27.01,20887.26,20922.6,77452.73,6196.22,90.79,3.86,5.36,0
31/07/20,SABADELL,13.27,10730.31,9518.82,71729.15,5738.33,95.06,1.16,3.78,0
31/07/20,SABCAPITAL,15.4,4646.76,4391.46,28506.83,2280.55,90.73,1.5,7.77,0
31/07/20,SANTANDER,17,104870.58,139161.81,818537.46,65483,65.16,27.35,7.5,0
31/07/20,SANTANDER INCLUSIÓN FINANCIERA,15.08,85.66,85.66,568.04,45.44,63.33,6.59,30.07,0
31/07/20,SANTANDER VIVIENDA,12,7987.55,7830.78,65261.51,5220.92,72.02,24.07,3.91,0
31/07/20,SCOTIABANK,13.66,49030.41,56873.86,416481.51,33318.52,88.49,7.6,3.91,0
31/07/20,SHINHAN,49.39,1500.86,1463.05,2962.22,236.98,87.71,3.81,8.48,0
31/07/20,SOFOM AYUDAMOS,82.91,109.24,109.24,131.75,10.54,0.35,0.2,99.44,0
31/07/20,SOFOM BAJÍO,20.06,2054.92,2009.65,10018.31,801.46,86.02,4.73,9.26,0
31/07/20,SOFOM BANAMEX,12.56,12215.97,12215.97,97278,7782.24,94.29,0.28,5.44,0
31/07/20,SOFOM INBURSA,17.77,15073.67,10830.52,60946.77,4875.74,61.05,15.88,23.07,0
31/07/20,START BANREGIO,15.26,2704,2453.68,16076.37,1286.11,95.11,3.39,1.5,0
31/07/20,VE POR MÁS,12.66,4174.4,5094.09,40227.39,3218.19,76.05,15.57,8.38,0
31/07/20,VW BANK,24.32,1772.56,1772.56,7287.54,583,58.58,30.42,11,0
31/08/20,A AFIRME,13.95,635.63,619.77,4442.72,355.42,86.67,6.77,6.56,0
31/08/20,ABANCREA,14.43,149.43,149.43,1035.72,82.86,86.15,9.08,4.77,0
31/08/20,ABC CAPITAL,11.63,911.19,720.51,6193.45,495.48,84.51,3.63,11.86,0
31/08/20,ACCENDO BANCO,12.87,819.85,732.99,5693.28,455.46,63.24,32.61,4.15,0
31/08/20,ACTINVER,12.7,3491.44,3375.27,26571.98,2125.76,82.16,3.67,14.17,0
31/08/20,AFIRME,13.63,5258.67,7760,56918.33,4553.47,75.26,11.76,12.98,0
31/08/20,AMERICAN EXPRESS,31.24,8054.26,7173.36,22964.29,1837.14,54.23,0.29,45.49,0
31/08/20,ARBASE,19.94,96.97,86.89,435.68,34.85,86.89,10.04,3.07,0
31/08/20,ARR BANAMEX,334.43,733.91,733.83,219.43,17.55,67.02,0.84,32.15,0
31/08/20,ARRENDADORA BX+,14.26,837.24,638.59,4478.41,358.27,83.31,9.02,7.68,0
31/08/20,AUTOFIN,12.9,650.28,642.55,4979.89,398.39,88.37,4.36,7.27,0
31/08/20,AYF BANORTE,21.12,7974.93,7331.4,34713.55,2777.08,92.93,5.25,1.82,0
31/08/20,AZTECA,15.36,22656.39,24922.84,162276.5,12982.12,63.48,24.59,11.93,0
31/08/20,BAJÍO,16.2,31122.33,31151.25,192311.47,15384.92,83.79,6.1,10.11,0
31/08/20,BANAMEX,15.38,126056.23,134427.57,874117.47,69929.4,72.12,18.26,9.62,0
31/08/20,BANCO KEB HANA,91.85,1587.99,1585.25,1725.98,138.08,85.99,4.59,9.42,0
31/08/20,BANCO S3,140.99,1491.15,1420.69,1007.69,80.61,28.86,1.63,69.51,0
31/08/20,BANCOPPEL,27.1,12792.16,12995.18,47956.17,3836.49,56.73,24.34,18.93,0
31/08/20,BANCREA,15.88,1805,2625.22,16527.39,1322.19,89.85,4.36,5.79,0
31/08/20,BANK OF AMERICA,20.72,11005.1,11005.1,53114.41,4249.15,41.18,52.79,6.04,0
31/08/20,BANK OF CHINA,52.57,695.72,673.39,1280.91,102.47,84.65,3.27,12.08,0
31/08/20,BANKAOOL,11.28,615.75,595.02,5273.18,421.85,93.19,2.6,4.22,0
31/08/20,BANORTE,20.69,129710.03,188589.38,911660.2,72932.82,76.77,15.67,7.56,0
31/08/20,BANREGIO,15.03,17218.8,17536.89,116693.13,9335.45,86.4,3.08,10.51,0
31/08/20,BANSI,18.35,2999.96,3049.52,16621.01,1329.68,82.51,4.42,13.07,0
31/08/20,BARCLAYS,22.15,7940.82,7940.82,35844.58,2867.57,79.21,11.55,9.24,0
31/08/20,BASE,14.63,2733.41,2761.57,18873.51,1509.88,74.42,5.37,20.21,0
31/08/20,BBVA BANCOMER,16.64,235996.51,281143.54,1689252.35,135140.19,66.7,26.71,6.59,0
31/08/20,BIAFIRME,14.42,870.89,1220.11,8460.66,676.85,6.82,90.04,3.14,0
31/08/20,CIBANCO,14.8,3103.31,3103.99,20979.81,1678.38,64.63,4.96,30.41,0
31/08/20,COMERCIOSA,28.24,24.74,21.32,75.51,6.04,8.25,0.06,91.69,0
31/08/20,COMPARTAMOS,35.82,10864.23,10572.82,29512.87,2361.03,74.47,19.48,6.06,0
31/08/20,CONSUBANCO,20.4,2816.76,2828.44,13863.07,1109.05,71.37,6.3,22.33,0
31/08/20,CONSUPAGO,112.26,172.11,171.71,152.96,12.24,99.88,0.12,0,0
31/08/20,CREDIT SUISSE,26.93,3889.99,3683.21,13676.39,1094.11,59.36,28.17,12.48,0
31/08/20,CREDITO FAMLIAR SCOT,18.38,863.17,698.39,3799.56,303.97,88.03,6.92,5.05,0
31/08/20,DEUTSCHE BANK,178.82,1604.89,1604.89,897.5,71.8,23.96,8.21,67.83,0
31/08/20,F AFIRME,24.43,107.17,92.02,376.71,30.14,98.73,1.27,0,0
31/08/20,FC FINANCIAL,16.53,4669.22,3880.85,23470.77,1877.66,79.01,11.15,9.84,0
31/08/20,FINANMADRID,12.63,164.21,153.27,1213.78,97.1,70.04,16.11,13.85,0
31/08/20,FINTERRA,19.89,476.08,391.89,1970.34,157.63,77.4,6.82,15.78,0
31/08/20,FORJADORES,52.15,350.16,349.84,670.87,53.67,91.15,1.8,7.05,0
31/08/20,FUNDACIÓN DONDÉ,77.62,354.62,354.62,456.88,36.55,62.84,2.42,34.73,0
31/08/20,GRAMEEN CARSO,15.58,75.71,58.86,377.86,30.23,76.39,4.2,19.41,0
31/08/20,HSBC,14.82,59781.19,73970.88,499293.2,39943.46,82.75,9.5,7.75,0
31/08/20,ICBC,26.64,909.49,1287.85,4835,386.8,88.77,2.77,8.46,0
31/08/20,INBURSA,17.75,74206.84,69974.17,394288.16,31543.05,63.66,29.36,6.98,0
31/08/20,INMOBILIARIO MEXICANO,12.36,1063.76,975.76,7894.27,631.54,87.07,3.22,9.71,0
31/08/20,INTERCAM,14.23,2658.26,2583.19,18147.88,1451.83,66.43,1.57,32,0
31/08/20,INTERCAM INC,39.41,8.58,8.58,21.78,1.74,99.21,0.79,0,0
31/08/20,INVEX,14.79,5450.83,5313.45,35926.63,2874.13,66.14,17.06,16.8,0
31/08/20,INVEX CONSUMO,17.48,899.92,759.92,4348.22,347.86,61.52,0.49,37.99,0
31/08/20,JP MORGAN,27.89,10601.18,19433.16,69684.89,5574.79,64.75,29.86,5.39,0
31/08/20,METROFINANCIERA,15.42,1641.29,1531.25,9929.11,794.33,77.35,14.6,8.06,0
31/08/20,MIFEL,13.78,8443.05,7305.29,53021.96,4241.76,81.57,11.27,7.17,0
31/08/20,MIFEL SOFOMER,40.87,462.71,416.38,1018.84,81.51,84.73,6.96,8.31,0
31/08/20,MIZUHO,57.08,2673.36,2653.55,4648.76,371.9,85.9,1.11,13,0
31/08/20,MONEX,15.25,7837.8,7056.52,46286.45,3702.92,71.44,11.23,17.34,0
31/08/20,MUFG,27.74,5910.21,5727.28,20647.27,1651.78,80.53,3.39,16.09,0
31/08/20,MULTIVA,15.52,6668.72,6360.26,40974.76,3277.98,81.43,6.3,12.28,0
31/08/20,OPCIPRES,794.82,214.03,214.03,26.93,2.15,98.25,1.75,0,0
31/08/20,PAGATODO,205.1,257.03,228.71,111.51,8.92,66.53,0.44,33.03,0
31/08/20,S CONSUMO,26.72,21311.46,21346.43,79894.95,6391.6,89.27,5.54,5.19,0
31/08/20,SABADELL,13.42,10711.02,9485.64,70706.03,5656.48,94.93,1.11,3.96,0
31/08/20,SABCAPITAL,15.82,4681.61,4438.09,28044.83,2243.59,90.82,1.31,7.87,0
31/08/20,SANTANDER,17.06,106229.95,139850.25,819605.54,65568.44,64.89,27.62,7.49,0
31/08/20,SANTANDER INCLUSIÓN FINANCIERA,15.1,83.82,83.82,555.01,44.4,61.74,6.57,31.7,0
31/08/20,SANTANDER VIVIENDA,12.82,8065.33,7907.58,61703.54,4936.28,75.47,20.31,4.22,0
31/08/20,SCOTIABANK,14,49396.31,57308.76,409456.37,32756.51,87.94,7.97,4.09,0
31/08/20,SHINHAN,48.62,1504.09,1463.5,3010.02,240.8,87.61,4.04,8.35,0
31/08/20,SOFOM AYUDAMOS,89.23,109.65,109.65,122.89,9.83,0.38,0.22,99.4,0
31/08/20,SOFOM BAJÍO,20.05,2074.6,2014.86,10048.2,803.86,85.65,5.09,9.26,0
31/08/20,SOFOM BANAMEX,12.84,12485.87,12485.87,97234.05,7778.72,94.26,0.3,5.44,0
31/08/20,SOFOM INBURSA,21.47,16978.82,13129.39,61158.49,4892.68,61.64,15.31,23.05,0
31/08/20,START BANREGIO,15.79,2755.8,2546.88,16125.55,1290.04,94.57,3.91,1.52,0
31/08/20,VE POR MÁS,12.98,4311.88,5154.06,39712.78,3177.02,76.79,14.59,8.63,0
31/08/20,VW BANK,24.94,1790.4,1790.4,7177.97,574.24,58.75,29.96,11.29,0
30/09/20,A AFIRME,14.35,640.04,613.08,4272.33,341.79,86.84,6.19,6.98,0
30/09/20,ABANCREA,14.43,150.66,150.66,1043.93,83.51,86.28,8.92,4.8,0
30/09/20,ABC CAPITAL,11.86,862.29,701.7,5918.94,473.52,84.02,3.74,12.24,0
30/09/20,ACCENDO BANCO,12.33,782.48,699.02,5670.86,453.67,62.91,33.01,4.08,0
30/09/20,ACTINVER,13.47,3511.96,3391.32,25172.39,2013.79,81.67,3.26,15.07,0
30/09/20,AFIRME,13.2,5282.99,7791.14,59038.25,4723.06,72.33,14.9,12.77,0
30/09/20,AMERICAN EXPRESS,31.07,8060.58,7178.25,23100.22,1848.02,54.33,0.3,45.38,0
30/09/20,ARBASE,21.99,96.98,86.9,395.27,31.62,86.21,10.29,3.5,0
30/09/20,ARR BANAMEX,337.05,735.4,735.32,218.17,17.45,67.52,0.84,31.64,0
30/09/20,ARRENDADORA BX+,12.8,799.18,591.95,4624.55,369.96,82.5,9.87,7.63,0
30/09/20,AUTOFIN,12.53,626.91,618.5,4935.98,394.88,86.57,5.9,7.53,0
30/09/20,AYF BANORTE,20.83,8054.55,7404.95,35544.89,2843.59,90.92,7.01,2.07,0
30/09/20,AZTECA,15.15,22164.48,24068.63,158879.45,12710.36,66.1,21.69,12.21,0
30/09/20,BAJÍO,16.43,31375.48,31469.63,191479.94,15318.4,84.4,5.42,10.18,0
30/09/20,BANAMEX,15.49,126346.41,134388.46,867475.57,69398.05,71.52,18.88,9.61,0
30/09/20,BANCO KEB HANA,91.2,1589.16,1586.42,1739.44,139.16,86.26,4.2,9.55,0
30/09/20,BANCO S3,129.88,1495.4,1426.88,1098.6,87.89,35.35,1.35,63.31,0
30/09/20,BANCOPPEL,21.87,13018.73,13220.05,60457.77,4836.62,45.74,38.79,15.47,0
30/09/20,BANCREA,15.96,1810.7,2631.24,16481.54,1318.52,89.55,4.56,5.89,0
30/09/20,BANK OF AMERICA,19.45,11006.49,11006.49,56587.34,4526.99,38.04,55.6,6.36,0
30/09/20,BANK OF CHINA,52.4,689.64,667.22,1273.41,101.87,84.91,3.07,12.01,0
30/09/20,BANKAOOL,12.84,705.99,685.25,5337.01,426.96,93.08,2.7,4.22,0
30/09/20,BANORTE,21.12,131472.68,191036.31,904681.73,72374.54,76.38,15.95,7.67,0
30/09/20,BANREGIO,15.16,17390.85,17716.34,116883.45,9350.68,86.35,3.11,10.54,0
30/09/20,BANSI,17.12,3030.23,3080.81,17997.89,1439.83,83.2,4.64,12.16,0
30/09/20,BARCLAYS,21.6,8010.15,8010.15,37078.27,2966.26,76.88,14.37,8.75,0
30/09/20,BASE,14.68,2741.33,2771.37,18881.09,1510.49,74.55,5.12,20.33,0
30/09/20,BBVA BANCOMER,16.81,233547.1,282021.06,1677338.75,134187.1,68.12,24.96,6.93,0
30/09/20,BIAFIRME,13.02,876.86,1226.23,9420.11,753.61,6.39,90.65,2.96,0
30/09/20,CIBANCO,15.49,3119.63,3120.31,20142.65,1611.41,63.45,4.89,31.67,0
30/09/20,COMERCIOSA,26.72,23.33,19.79,74.07,5.93,7.71,0.06,92.24,0
30/09/20,COMPARTAMOS,30.98,9497.42,8565.02,27648.08,2211.85,72.53,20.85,6.62,0
30/09/20,CONSUBANCO,20.12,2852.23,2863.74,14233.47,1138.68,70.51,7.57,21.92,0
30/09/20,CONSUPAGO,92.87,173.27,173.27,186.57,14.93,99.91,0.09,0,0
30/09/20,CREDIT SUISSE,24.29,3880.72,3673.93,15126.49,1210.12,52.43,33.62,13.95,0
30/09/20,CREDITO FAMLIAR SCOT,17.92,801.44,639.84,3569.6,285.57,88.9,5.73,5.37,0
30/09/20,DEUTSCHE BANK,185.32,1595.37,1595.37,860.89,68.87,23.91,6.67,69.41,0
30/09/20,F AFIRME,25.74,127.52,100.48,390.43,31.23,98.65,1.36,0,0
30/09/20,FC FINANCIAL,17.11,4733.81,3990.03,23316.51,1865.32,80.75,9.1,10.15,0
30/09/20,FINANMADRID,12.37,168.58,157.62,1274.45,101.96,71.77,15.03,13.21,0
30/09/20,FINTERRA,19.58,461.29,378.45,1932.92,154.63,77.58,6.59,15.84,0
30/09/20,FORJADORES,51.49,336.19,356.71,692.84,55.43,91.26,1.82,6.92,0
30/09/20,FUNDACIÓN DONDÉ,78.28,355.17,355.17,453.73,36.3,62.84,2.11,35.05,0
30/09/20,GRAMEEN CARSO,15.79,76.27,59.66,377.77,30.22,76.19,4,19.81,0
30/09/20,HSBC,14.49,56538.34,71167.06,491214.62,39297.17,82.38,9.86,7.76,0
30/09/20,ICBC,25.43,862.22,1260.82,4958.42,396.67,88.7,2.99,8.31,0
30/09/20,INBURSA,18,74162.62,69945.72,388618.77,31089.5,63.45,29.54,7.01,0
30/09/20,INMOBILIARIO MEXICANO,12.19,1058.13,970.91,7962.98,637.04,86.99,3.35,9.66,0
30/09/20,INTERCAM,14.42,2704.52,2624.43,18202.74,1456.22,66.21,1.59,32.19,0
30/09/20,INTERCAM INC,35.21,8.01,8.01,22.75,1.82,99.24,0.76,0,0
30/09/20,INVEX,15.29,5455.39,5315.82,34769.47,2781.56,68.06,14.65,17.3,0
30/09/20,INVEX CONSUMO,17.13,942.74,807.02,4711.75,376.94,58.26,0.46,41.29,0
30/09/20,JP MORGAN,27.06,10134.65,19451.54,71893.2,5751.46,62.54,32.2,5.26,0
30/09/20,METROFINANCIERA,15.75,1651.11,1543.32,9798.55,783.88,77.47,14.41,8.11,0
30/09/20,MIFEL,14.36,8622.58,7466.43,51985.11,4158.81,82.52,10.18,7.31,0
30/09/20,MIFEL SOFOMER,31.36,354.06,296.61,945.83,75.67,83.78,7.31,8.91,0
30/09/20,MIZUHO,58.97,2670.88,2650.75,4495.28,359.62,84.86,1.63,13.52,0
30/09/20,MONEX,15.81,7663.04,7200.07,45539.82,3643.19,70.29,11.58,18.13,0
30/09/20,MUFG,29.11,5872.67,5682.55,19519.73,1561.58,80.41,2.85,16.74,0
30/09/20,MULTIVA,15.67,6695.78,6381.12,40734.13,3258.73,81.11,6.55,12.35,0
30/09/20,OPCIPRES,208.52,199.04,199.04,95.45,7.64,99.51,0.49,0,0
30/09/20,PAGATODO,285.33,261.1,232.29,81.41,6.51,54.43,0.62,44.95,0
30/09/20,S CONSUMO,26.9,21661.02,21697.84,80667.18,6453.37,88.67,6.19,5.15,0
30/09/20,SABADELL,13.43,10613.63,9397.6,69972.89,5597.83,94.76,1.13,4.12,0
30/09/20,SABCAPITAL,16.01,4723.46,4472.18,27938.28,2235.06,90.9,1.25,7.85,0
30/09/20,SANTANDER,17.16,107450.13,141267.96,823055.4,65844.43,65.25,26.96,7.79,0
30/09/20,SANTANDER INCLUSIÓN FINANCIERA,14.77,80.48,80.48,544.96,43.6,60.99,6.47,32.54,0
30/09/20,SANTANDER VIVIENDA,14.12,8094.3,7936.52,56224.38,4497.95,71.9,23.4,4.71,0
30/09/20,SCOTIABANK,13.85,49308.09,56698.41,409244.02,32739.52,87.1,8.65,4.26,0
30/09/20,SHINHAN,45.61,1504.21,1463.45,3208.54,256.68,88.77,3.4,7.83,0
30/09/20,SOFOM AYUDAMOS,95.89,110.04,110.04,114.76,9.18,0.41,0.23,99.36,0
30/09/20,SOFOM BAJÍO,19.91,2090.37,2035.08,10222.25,817.78,85.96,4.89,9.15,0
30/09/20,SOFOM BANAMEX,17.26,16940,16940,98142.79,7851.42,94.3,0.31,5.38,0
30/09/20,SOFOM INBURSA,23.03,17484.92,14027.9,60903.44,4872.27,60.12,16.75,23.13,0
30/09/20,START BANREGIO,16.26,2822.26,2639.23,16235.66,1298.85,95.34,3.12,1.54,0
30/09/20,VE POR MÁS,12.87,4353.44,5174.11,40210.49,3216.84,76.4,15.01,8.59,0
30/09/20,VW BANK,25.53,1812.73,1812.73,7101.18,568.09,58.82,29.69,11.49,0
31/10/20,A AFIRME,14.7,640.53,613.62,4175.48,334.04,86.23,6.47,7.31,0
31/10/20,ABANCREA,13.99,153.46,153.46,1096.8,87.74,85.08,10.27,4.65,0
31/10/20,ABC CAPITAL,11.29,825.45,655.65,5807.06,464.56,83.61,4.07,12.32,0
31/10/20,ACCENDO BANCO,12.45,729.01,650.41,5224.82,417.99,67.46,27.86,4.67,0
31/10/20,ACTINVER,13.22,3584.7,3457.29,26160.68,2092.85,81.78,3.64,14.58,0
31/10/20,AFIRME,13.44,5274.09,7911.13,58845.72,4707.66,72.96,14.05,12.99,0
31/10/20,AMERICAN EXPRESS,31.6,8418.6,7511.02,23768.19,1901.46,55.88,0.41,43.71,0
31/10/20,ARBASE,20.24,86.79,77.64,383.62,30.69,85.53,10.84,3.63,0
31/10/20,ARR BANAMEX,338.71,736.97,736.89,217.56,17.4,67.83,0.85,31.33,0
31/10/20,ARRENDADORA BX+,12.8,812.79,595.02,4647.91,371.83,86.36,5.87,7.77,0
31/10/20,AUTOFIN,13.17,648.49,638.23,4845.32,387.63,86.15,6.19,7.66,0
31/10/20,AYF BANORTE,19.74,7984.95,7335.35,37151.61,2972.13,88.63,9.14,2.23,0
31/10/20,AZTECA,14.77,22172.9,23940.36,162101.62,12968.13,65.8,22.16,12.05,0
31/10/20,BAJÍO,16.53,31765.1,31804.56,192371.86,15389.75,84.46,5.38,10.16,0
31/10/20,BANAMEX,15.75,125760.28,133590.92,848458.21,67876.66,70.96,19.2,9.84,0
31/10/20,BANCO KEB HANA,94.26,1590.35,1587.61,1684.23,134.74,84.37,5.61,10.02,0
31/10/20,BANCO S3,120.49,1504.94,1439.99,1195.13,95.61,40.93,1.29,57.78,0
31/10/20,BANCOPPEL,21.32,13108.61,13219.47,62004.34,4960.35,45.35,39.45,15.2,0
31/10/20,BANCREA,16.17,1817.77,2637.64,16316.72,1305.34,89.2,4.79,6.01,0
31/10/20,BANK OF AMERICA,20.74,11106.68,11106.68,53543.64,4283.49,38.44,53.37,8.19,0
31/10/20,BANK OF CHINA,57.57,680.49,658.03,1143.02,91.44,82.66,4.11,13.24,0
31/10/20,BANKAOOL,12.4,695.96,674.5,5438.96,435.12,93.15,2.69,4.16,0
31/10/20,BANORTE,20.92,133448.75,190299.11,909596.29,72767.7,76,16.29,7.71,0
31/10/20,BANREGIO,15.91,17492.44,17830.93,112041.13,8963.29,89.3,3.62,7.07,0
31/10/20,BANSI,16.83,3070.8,3117.88,18526.49,1482.12,84.3,3.83,11.87,0
31/10/20,BARCLAYS,22.07,8004.11,8004.11,36261.96,2900.96,76.33,15.29,8.37,0
31/10/20,BASE,14.8,2754.69,2786.29,18825.04,1506,74.18,5.23,20.6,0
31/10/20,BBVA BANCOMER,16.92,236020.07,282759.91,1671034.34,133682.75,67.71,25.25,7.04,0
31/10/20,BIAFIRME,13.6,883.5,1233.01,9063.28,725.06,6.73,90.11,3.16,0
31/10/20,CIBANCO,14.34,2924.33,2925.02,20391.47,1631.32,63.56,4.9,31.54,0
31/10/20,COMERCIOSA,26.07,22.39,18.9,72.5,5.8,7.17,0.05,92.78,0
31/10/20,COMPARTAMOS,33.6,9635.9,8856.84,26360.7,2108.86,75.4,17.57,7.04,0
31/10/20,CONSUBANCO,20.44,2858.26,2869.72,14040.79,1123.26,70.72,7.93,21.34,0
31/10/20,CONSUPAGO,112.09,169.76,169.76,151.45,12.12,99.88,0.12,0,0
31/10/20,CREDIT SUISSE,23.92,3884.29,3677.51,15371.22,1229.7,50.83,36.74,12.43,0
31/10/20,CREDITO FAMLIAR SCOT,17.42,751.08,582.87,3346.21,267.7,88.7,5.58,5.72,0
31/10/20,DEUTSCHE BANK,197.71,1579.02,1579.02,798.64,63.89,17.41,9.31,73.28,0
31/10/20,F AFIRME,25.76,127.51,100.44,389.94,31.2,98.82,1.18,0,0
31/10/20,FC FINANCIAL,18.76,5017.95,4474.62,23853.72,1908.3,82.03,8.05,9.92,0
31/10/20,FINANMADRID,12.06,170.55,159.27,1320.52,105.64,72.74,14.39,12.87,0
31/10/20,FINTERRA,18.46,449.8,366.67,1986.66,158.93,79.12,5.74,15.14,0
31/10/20,FORJADORES,48.95,315.69,337.52,689.57,55.17,90.99,2.01,7,0
31/10/20,FUNDACIÓN DONDÉ,84.74,355.47,355.47,419.47,33.56,60.75,1.27,37.98,0
31/10/20,GRAMEEN CARSO,15.24,76.16,59.32,389.12,31.13,74.41,5.99,19.6,0
31/10/20,HSBC,14.9,56409.05,70693.72,474470.71,37957.66,83.64,8.93,7.43,0
31/10/20,ICBC,26.15,861,1239.71,4740.83,379.27,88.66,2.52,8.82,0
31/10/20,INBURSA,18.31,74392.39,70323.71,384031.81,30722.54,61.74,31.26,7,0
31/10/20,INMOBILIARIO MEXICANO,12.51,1067.32,1016.85,8128.1,650.25,86.75,3.75,9.51,0
31/10/20,INTERCAM,14.77,2755.78,2668.04,18068.21,1445.46,64.54,2.61,32.85,0
31/10/20,INTERCAM INC,33.77,7.97,7.97,23.59,1.89,99.28,0.72,0,0
31/10/20,INVEX,14.95,5437.16,5296.59,35424.07,2833.93,66.1,17.34,16.56,0
31/10/20,INVEX CONSUMO,19.03,980.36,848.4,4458.89,356.71,62.13,0.1,37.78,0
31/10/20,JP MORGAN,29,10683.88,19549.09,67406.28,5392.5,60.54,33.66,5.81,0
31/10/20,METROFINANCIERA,15.8,1661.2,1553.41,9832.54,786.6,77.6,14.42,7.98,0
31/10/20,MIFEL,14.72,8632.8,7499.97,50961.37,4076.91,83.47,9.04,7.5,0
31/10/20,MIFEL SOFOMER,30.95,355.58,298.38,964.04,77.12,85.11,6.2,8.69,0
31/10/20,MIZUHO,76.84,2672.54,2652.41,3451.78,276.14,81.42,2,16.58,0
31/10/20,MONEX,16.04,7720.08,7325.93,45681,3654.48,69.56,12.17,18.27,0
31/10/20,MUFG,33.01,5943.7,5796.22,17556.61,1404.53,77.8,4.13,18.07,0
31/10/20,MULTIVA,15.53,6743.3,6398.77,41209.8,3296.78,81.61,6.2,12.2,0
31/10/20,OPCIPRES,804.46,230.7,230.7,28.68,2.29,97.8,2.2,0,0
31/10/20,PAGATODO,290.01,257.16,228.46,78.78,6.3,53.04,0.63,46.33,0
31/10/20,S CONSUMO,27.16,22307.22,22347.53,82288.29,6583.06,88.63,6.33,5.05,0
31/10/20,SABADELL,13.29,10495.76,9306.86,70047.08,5603.77,94.38,1.4,4.22,0
31/10/20,SABCAPITAL,16.59,4757.67,4508.16,27177.59,2174.21,90.88,1.12,8,0
31/10/20,SANTANDER,17.35,116817.2,148740.12,857063.92,68565.11,66.45,25.87,7.68,0
31/10/20,SANTANDER INCLUSIÓN FINANCIERA,13.24,74.7,74.7,564.28,45.14,61.93,6.67,31.4,0
31/10/20,SCOTIABANK,13.89,49463.33,57013.67,410567.17,32845.37,86.98,8.62,4.41,0
31/10/20,SHINHAN,43.38,1505.56,1464.62,3376.09,270.09,88.67,3.9,7.43,0
31/10/20,SOFOM AYUDAMOS,103.59,110.45,110.45,106.62,8.53,0.41,0.25,99.34,0
31/10/20,SOFOM BAJÍO,19.96,2111.35,2058.19,10312.84,825.03,85.89,5.03,9.08,0
31/10/20,SOFOM BANAMEX,17.62,17125.55,17125.55,97218.49,7777.48,94.21,0.36,5.43,0
31/10/20,SOFOM INBURSA,25.13,17866.71,14644.97,58278.23,4662.26,60.76,15.11,24.13,0
31/10/20,START BANREGIO,16.41,2873.19,2680.4,16331.9,1306.55,94.99,3.44,1.57,0
31/10/20,VE POR MÁS,12.63,4321.12,5070.35,40138.11,3211.05,76.69,14.58,8.73,0
31/10/20,VW BANK,26.08,1825.21,1825.21,6997.76,559.82,58.62,29.61,11.78,0
30/11/20,A AFIRME,15.23,639.91,612.94,4025.76,322.06,85.91,6.32,7.77,0
30/11/20,ABANCREA,13.11,155.51,155.51,1186.31,94.9,87.62,7.85,4.53,0
30/11/20,ABC CAPITAL,10.68,789.05,599.01,5607.29,448.58,83.55,3.85,12.6,0
30/11/20,ACCENDO BANCO,12.25,755.16,674.18,5505.15,440.41,64.23,31.46,4.31,0
30/11/20,ACTINVER,13.14,3556.93,3430.37,26105.05,2088.4,82.04,3.28,14.68,0
30/11/20,AFIRME,13.37,5261.73,7892.6,59018.72,4721.5,73.61,13.31,13.09,0
30/11/20,AMERICAN EXPRESS,31.42,8636.86,7714.88,24551.68,1964.13,56.75,0.42,42.82,0
30/11/20,ARBASE,20.53,86.46,77.34,376.63,30.13,85.65,10.66,3.69,0
30/11/20,ARR BANAMEX,340.41,738.5,738.42,216.92,17.35,68.14,0.85,31.01,0
30/11/20,ARRENDADORA BX+,12.9,820.07,606.93,4705.44,376.44,86.13,6.02,7.84,0
30/11/20,AUTOFIN,13.99,685.08,676.04,4833.77,386.7,86.28,6.13,7.59,0
30/11/20,AYF BANORTE,19.68,8045.98,7396.37,37585.31,3006.82,88.65,8.84,2.51,0
30/11/20,AZTECA,14.44,22120.94,22752.47,157609.12,12608.73,67.13,20.47,12.4,0
30/11/20,BAJÍO,16.52,31967.61,32061.08,194065.68,15525.25,84.14,5.75,10.11,0
30/11/20,BANAMEX,16.23,126943.48,136856.3,843036.9,67442.95,69.75,20.08,10.17,0
30/11/20,BANCO KEB HANA,91.87,1591.96,1589.68,1730.44,138.44,82.02,8.07,9.92,0
30/11/20,BANCO S3,118.76,1511.43,1450.21,1221.17,97.69,42.43,1.36,56.21,0
30/11/20,BANCOPPEL,20,13352.2,13496.53,67486.02,5398.88,41.25,44.71,14.03,0
30/11/20,BANCREA,16.37,1819.65,2639.89,16123.57,1289.89,89.18,4.66,6.16,0
30/11/20,BANK OF AMERICA,17.58,11045.96,11045.96,62843.07,5027.45,34.76,59.51,5.73,0
30/11/20,BANK OF CHINA,57.35,671.78,649.17,1131.88,90.55,82.16,4.64,13.2,0
30/11/20,BANKAOOL,11.88,678.39,654.81,5509.96,440.8,93.44,2.39,4.17,0
30/11/20,BANORTE,20.88,137036.57,190919.17,914491.5,73159.32,75.6,16.62,7.78,0
30/11/20,BANREGIO,15.88,17394.16,17738.9,111676.99,8934.16,89.48,3.37,7.15,0
30/11/20,BANSI,16.2,3135.6,3178.3,19625.03,1570,85.31,3.41,11.28,0
30/11/20,BARCLAYS,24.52,8027.87,8027.87,32739.23,2619.14,77.66,13.21,9.13,0
30/11/20,BASE,15.43,2761.74,2794.13,18102.96,1448.24,74.44,3.96,21.6,0
30/11/20,BBVA BANCOMER,16.96,239151.41,283722.69,1673104.83,133848.39,67.23,25.8,6.97,0
30/11/20,BIAFIRME,13.54,885.39,1235.13,9123.15,729.85,6.75,89.94,3.32,0
30/11/20,CIBANCO,14.03,2922.51,2923.19,20829.1,1666.33,64.32,4.61,31.07,0
30/11/20,COMERCIOSA,25.88,21.95,18.6,71.87,5.75,7.92,0.07,92.01,0
30/11/20,COMPARTAMOS,33.42,9757.85,8996.62,26916.49,2153.32,79.46,13.53,7.01,0
30/11/20,CONSUBANCO,20.56,2909.68,2921.58,14208.24,1136.66,70.76,8.11,21.13,0
30/11/20,CONSUPAGO,117.22,175.12,175.12,149.39,11.95,99.89,0.11,0,0
30/11/20,CREDIT SUISSE,22.96,3861.52,3654.74,15916.9,1273.35,54.82,35,10.18,0
30/11/20,CREDITO FAMLIAR SCOT,16.16,700.87,521.28,3225.4,258.03,86.54,7.55,5.91,0
30/11/20,DEUTSCHE BANK,208.26,1523.11,1523.11,731.37,58.51,18.41,4.83,76.76,0
30/11/20,F AFIRME,24.4,123.97,95.28,390.45,31.24,98.78,1.22,0,0
30/11/20,FC FINANCIAL,17.9,5027.95,4460.45,24914.91,1993.19,80.19,7.68,12.13,0
30/11/20,FINANMADRID,11.77,171.93,160.39,1362.6,109.01,72.23,15.28,12.49,0
30/11/20,FINTERRA,18.23,432.58,350.81,1923.97,153.92,79.19,5.47,15.34,0
30/11/20,FORJADORES,53.46,300.7,368.39,689.13,55.13,91.29,1.7,7.01,0
30/11/20,FUNDACIÓN DONDÉ,99,355.24,355.24,358.84,28.71,55.19,0.58,44.23,0
30/11/20,GRAMEEN CARSO,14.33,74.27,57.04,397.97,31.84,73.25,7.18,19.58,0
30/11/20,HSBC,14.03,53217.88,67066.82,478076.57,38246.13,81.42,11.46,7.12,0
30/11/20,ICBC,26.67,890.65,1239.05,4645.34,371.63,87.95,3.14,8.91,0
30/11/20,INBURSA,18.07,74107.55,69970.34,387213.93,30977.11,62.69,30.67,6.64,0
30/11/20,INMOBILIARIO MEXICANO,12.76,1068.6,1034.46,8105.86,648.47,86.49,3.93,9.58,0
30/11/20,INTERCAM,14.96,2806.37,2709.34,18106.18,1448.49,64.77,2,33.23,0
30/11/20,INTERCAM INC,19.28,7.08,7.08,36.69,2.94,80.49,0.46,19.05,0
30/11/20,INVEX,14.89,5434.68,5295.52,35562.85,2845.03,65.48,18.82,15.71,0
30/11/20,INVEX CONSUMO,19.32,1024.36,896.8,4640.76,371.26,63.35,0.1,36.55,0
30/11/20,JP MORGAN,28.27,9909.46,19570.73,69217.54,5537.4,60.91,28.85,10.24,0
30/11/20,METROFINANCIERA,15.9,1667.39,1559.61,9808.54,784.68,78.15,13.84,8.01,0
30/11/20,MIFEL,14.69,8624.73,7545.27,51376.34,4110.11,83.07,9.49,7.44,0
30/11/20,MIFEL SOFOMER,31.29,356.64,298.46,953.86,76.31,85.23,6.05,8.73,0
30/11/20,MIZUHO,78.75,2686.22,2666.09,3385.7,270.86,81.45,1.57,16.98,0
30/11/20,MONEX,16.71,7808.4,7518.38,45005.46,3600.44,71.06,9.71,19.24,0
30/11/20,MUFG,31.3,5957.43,5827.53,18619.62,1489.57,78.67,4.93,16.41,0
30/11/20,MULTIVA,15.63,6595.84,6245.32,39952.09,3196.17,81.12,6.35,12.53,0
30/11/20,OPCIPRES,1046.52,235.66,235.66,22.52,1.8,97.66,2.34,0,0
30/11/20,PAGATODO,286.15,253.18,225.68,78.87,6.31,53.43,0.62,45.96,0
30/11/20,S CONSUMO,26.88,22640.05,22684.82,84394.78,6751.58,89,6.08,4.92,0
30/11/20,SABADELL,13.76,10432.7,9254.42,67241,5379.28,94.32,1.17,4.51,0
30/11/20,SABCAPITAL,17.29,4785.55,4540.48,26255.7,2100.46,91.05,0.74,8.21,0
30/11/20,SANTANDER,17.85,118807.33,148691.79,832966.9,66637.35,67.65,24.51,7.84,0
30/11/20,SANTANDER INCLUSIÓN FINANCIERA,11.05,69.52,69.52,628.97,50.32,64.36,7.46,28.18,0
30/11/20,SCOTIABANK,14.09,49844.48,57434.5,407562.21,32604.98,87.21,8.29,4.5,0
30/11/20,SHINHAN,45.39,1496.75,1454.76,3205.17,256.41,88.35,3.8,7.84,0
30/11/20,SOFOM AYUDAMOS,32.48,110.8,110.8,341.11,27.29,0.14,0.08,99.78,0
30/11/20,SOFOM BAJÍO,20.15,2114.76,2052.96,10190.37,815.23,85.87,4.95,9.18,0
30/11/20,SOFOM BANAMEX,16.92,16795.96,17359.49,102571.95,8205.76,94.55,0.31,5.14,0
30/11/20,SOFOM INBURSA,24.16,17975.29,14769.41,61135.93,4890.87,60.21,10.9,28.89,0
30/11/20,START BANREGIO,16.13,2857.95,2644.28,16397.11,1311.77,94.16,4.22,1.62,0
30/11/20,VE POR MÁS,12.57,4267.69,5072.22,40352.5,3228.2,77.32,13.95,8.73,0
30/11/20,VW BANK,26.97,1852.41,1852.41,6868.14,549.45,58.48,29.42,12.11,0
31/12/20,A AFIRME,16.66,637.32,641.62,3850.12,308.01,85.04,6.66,8.3,0
31/12/20,ABANCREA,13.11,157.37,157.37,1200.54,96.04,87.28,8.13,4.6,0
31/12/20,ABC CAPITAL,11.08,785.06,596.18,5380.24,430.42,82.99,4.01,13,0
31/12/20,ACCENDO BANCO,14.93,962.59,862.76,5780.39,462.43,58.98,35.86,5.15,0
31/12/20,ACTINVER,13.79,3601.62,3475.37,25198.46,2015.88,81.04,3.7,15.26,0
31/12/20,AFIRME,14.06,5254.14,8090.03,57556.61,4604.53,76.74,9.78,13.48,0
31/12/20,AMERICAN EXPRESS,32.35,8645.84,7717.7,23855.3,1908.42,55.54,0.4,44.06,0
31/12/20,ARBASE,19.01,84.26,75.34,396.27,31.7,79.35,17.06,3.6,0
31/12/20,ARR BANAMEX,342.59,741.3,741.13,216.33,17.31,68.45,0.86,30.69,0
31/12/20,ARRENDADORA BX+,13.14,837.11,622.13,4735.12,378.81,85.17,6.83,8.01,0
31/12/20,AUTOFIN,15.72,700.28,691.63,4398.93,351.91,85.88,5.96,8.16,0
31/12/20,AYF BANORTE,19.12,8138.24,7527.88,39367.52,3149.4,88.71,8.7,2.59,0
31/12/20,AZTECA,14.36,23956.25,22851.24,159167.51,12733.4,65.94,21.92,12.15,0
31/12/20,BAJÍO,16.88,32347.38,32597.75,193078.6,15446.29,83.71,6.13,10.16,0
31/12/20,BANAMEX,16.43,127009.59,136849.7,832760.91,66620.87,69.49,20.13,10.39,0
31/12/20,BANCO KEB HANA,89.15,1590.9,1590.61,1784.22,142.74,79.36,10.94,9.7,0
31/12/20,BANCO S3,109.98,1514.9,1455.48,1323.35,105.87,47.3,1.02,51.68,0
31/12/20,BANCOPPEL,21.29,13243.76,13590.63,63822.92,5105.83,44.6,40.5,14.91,0
31/12/20,BANCREA,16.48,1825.77,2646.56,16055.18,1284.41,89.18,4.55,6.27,0
31/12/20,BANK OF AMERICA,18.6,11069.51,11069.51,59522.29,4761.78,37.9,56.05,6.05,0
31/12/20,BANK OF CHINA,59.71,664.31,641.69,1074.68,85.97,82.22,4.08,13.7,0
31/12/20,BANKAOOL,11.3,651.42,620.11,5488.35,439.07,93.89,1.9,4.21,0
31/12/20,BANORTE,20.18,137322.27,188595.17,934434.6,74754.77,75.62,16.69,7.69,0
31/12/20,BANREGIO,15.92,17404.42,17759.01,111546.32,8923.71,89.24,3.57,7.19,0
31/12/20,BANSI,16.24,3194.26,3250.08,20007.98,1600.64,85.19,3.51,11.31,0
31/12/20,BARCLAYS,27.92,8057.93,8057.93,28857.39,2308.59,75.16,14.35,10.49,0
31/12/20,BASE,15.4,2772.37,2806.44,18221.95,1457.76,74.83,3.63,21.55,0
31/12/20,BBVA BANCOMER,17.51,242330.69,286333.37,1634860.83,130788.87,66.38,26.51,7.1,0
31/12/20,BIAFIRME,13.96,893.92,1243.88,8908.78,712.7,8.45,87.96,3.59,0
31/12/20,CIBANCO,14.78,2994.44,2995.13,20258.71,1620.7,63.47,4.51,32.02,0
31/12/20,COMERCIOSA,24.97,18.23,17.42,69.78,5.58,7.34,0.06,92.6,0
31/12/20,COMPARTAMOS,31.44,10019.32,9298.35,29576.52,2366.12,81.47,12.05,6.48,0
31/12/20,CONSUBANCO,17.08,2582.76,2595.2,15194.22,1215.54,71.58,8.65,19.78,0
31/12/20,CONSUPAGO,114.29,173.16,173.16,151.51,12.12,99.89,0.12,0,0
31/12/20,CREDIT SUISSE,21.94,3847.56,3462.6,15778.72,1262.3,58.23,39.95,1.82,0
31/12/20,CREDITO FAMLIAR SCOT,17.67,719.59,544.06,3078.58,246.29,85.87,7.96,6.17,0
31/12/20,DEUTSCHE BANK,199.06,1466.94,1466.94,736.94,58.96,21.82,5.07,73.11,0
31/12/20,F AFIRME,23.03,128.87,76.13,330.63,26.45,98.72,1.28,0,0
31/12/20,FC FINANCIAL,18.36,5077.74,4551.84,24796.63,1983.73,79.11,8.59,12.3,0
31/12/20,FINANMADRID,11.78,186.83,169.53,1439.47,115.16,73.21,14.92,11.88,0
31/12/20,FINTERRA,19.18,435.48,353.69,1843.76,147.5,79.25,5.07,15.68,0
31/12/20,FORJADORES,52.12,289.76,355.57,682.29,54.58,90.74,2.18,7.08,0
31/12/20,FUNDACIÓN DONDÉ,120.73,355.23,355.23,294.24,23.54,45.59,1.2,53.21,0
31/12/20,GRAMEEN CARSO,13.78,73.82,56.38,409.04,32.72,72.72,7.8,19.48,0
31/12/20,HSBC,14.08,51964.72,67055.56,476163.78,38093.1,81.34,11.73,6.93,0
31/12/20,ICBC,22.95,647.99,959.23,4180.19,334.42,88.52,1.7,9.78,0
31/12/20,INBURSA,18.66,74545.43,70124.8,375824.26,30065.94,64.29,28.92,6.79,0
31/12/20,INMOBILIARIO MEXICANO,13.19,1071.12,1102.91,8363.34,669.07,85.47,5.14,9.39,0
31/12/20,INTERCAM,15.02,2812.29,2678.63,17835.76,1426.86,63.33,2.51,34.15,0
31/12/20,INTERCAM INC,96.51,56.58,56.58,58.63,4.69,85.15,2.2,12.65,0
31/12/20,INVEX,17.01,5425.93,5274.13,31006.18,2480.49,66.77,15.04,18.18,0
31/12/20,INVEX CONSUMO,20.43,1091.22,940.34,4602.93,368.23,62.62,0.11,37.27,0
31/12/20,JP MORGAN,28.21,19745.05,19463.71,69002.26,5520.18,61.78,31.9,6.32,0
31/12/20,METROFINANCIERA,16.32,1678.17,1570.39,9622.24,769.78,77.66,14.22,8.13,0
31/12/20,MIFEL,14.43,8684.53,7594.81,52647.93,4211.83,81.32,11.42,7.26,0
31/12/20,MIFEL SOFOMER,30.35,359.43,304.98,1004.72,80.38,85.62,6.12,8.27,0
31/12/20,MIZUHO,85.05,2752.09,2731.78,3212,256.96,80.09,1.73,18.18,0
31/12/20,MONEX,14.76,7424.34,6890.61,46682.14,3734.57,69.21,12.61,18.19,0
31/12/20,MUFG,32,5819.56,5673.6,17731.55,1418.52,80.29,3.89,15.81,0
31/12/20,MULTIVA,15.64,6644.73,6254.47,39987.49,3199,81.03,6.52,12.45,0
31/12/20,OPCIPRES,1422.29,229.99,229.99,16.17,1.29,96.53,3.47,0,0
31/12/20,PAGATODO,298.04,261.48,234.49,78.68,6.29,53.46,0.65,45.89,0
31/12/20,S CONSUMO,27.93,23478.57,23544.89,84297.3,6743.78,88.1,6.96,4.94,0
31/12/20,SABADELL,14.2,10263.2,9086.29,63986.96,5118.96,93.73,1.42,4.85,0
31/12/20,SABCAPITAL,15.11,4849.22,4557.66,30163.51,2413.08,91.69,1.22,7.09,0
31/12/20,SANTANDER,19.01,121575.54,151457.91,796836.41,63746.91,67.79,24.16,8.05,0
31/12/20,SANTANDER INCLUSIÓN FINANCIERA,16.67,107.49,107.49,644.77,51.58,64.41,7.24,28.35,0
31/12/20,SCOTIABANK,13.91,49776.04,56238.47,404188.13,32335.05,87.3,8.09,4.61,0
31/12/20,SHINHAN,44,1494.08,1451.72,3299.29,263.94,89.36,3.01,7.64,0
31/12/20,SOFOM AYUDAMOS,34.9,111.18,111.18,318.55,25.48,0.07,0.09,99.85,0
31/12/20,SOFOM BAJÍO,19.58,2128.33,2079.83,10619.83,849.59,85.92,5.25,8.83,0
31/12/20,SOFOM BANAMEX,13.96,13058.92,13592.3,97334.72,7786.78,94.29,0.3,5.41,0
31/12/20,SOFOM INBURSA,24.2,18295.87,15283.85,63146.77,5051.74,58.77,13.34,27.9,0
31/12/20,START BANREGIO,16.29,2901.95,2688.5,16501.05,1320.08,95.46,2.87,1.66,0
31/12/20,VE POR MÁS,12.69,4249.72,5046.65,39769.81,3181.58,77.72,13.28,9,0
31/12/20,VW BANK,27.82,1881.3,1881.3,6761.41,540.91,58.54,29.08,12.39,0